CHROM,POS,ID,REF,ALT,QUAL,FILTER,X6323,X6329,X6336,X6350,X6366,X6415,X6416,X6417,X6418,X6424,X6425,X6441,X6442,X6443,X6450,X6453,X6454,X6459,X6460,X6462,X6463,X6465,X6466,X6468,X6475,X6476,X6477,X6485,X6493,X6508,X6531,X6532,X6533,X6534,X6537,X6538,X6546,X6547,X6561,X6563,X6576,X6581,X6582,X6583,X6609,X6611,X6615,X6619,X6624,X6630,X6635,X6642,X6658,X6659,X6661,X6664,X6667,X6676,X6692,X6695,X6698,X6699,X6707,X6708,X6719,X6720,X6725,X6726,X6728,X6735,X6736,X6737,X6738,X6743,X6744,X6745,X6746,X6868,X6903,X6911,X6931,X6944,X6945,X6946,X6966,X6991,X6992,X6993,X7010,X7043,X7054,X7084,X7118,X7148,X7190,X7258,X7281,X7314,X7339,X7396,X7455,X7474,X7539,X7568,X7656,X7657,X7658,X7698,X7812,X7837,X7914,X7924,X7944,X7959,X7967,X7993,X7994,X8002,X8035,X8036,X8037,X8596,X8606,X8655,X8665,X8712,X8720,X8721,X8722,X8730,X8733,X8824,X9011,X9012,X9013,X9014,X9016,X9020,X9022,X9023,X9028,X9031,X9034,X9070,X9071,X9072,X9074,X9075,X9076,X9077,X9078,X9079,X9080,X9081,X9083,X9091,X9092,X9093,X9094,X9193,X9195,X9196,X9197,X9202,X9203,X9205,X9206,X9209,X9210,X9213,X9241,X9242,X9244,X9252,X9253,X9255,X9313,X9314,X9315,X9316,X9317,X9318,X9319,X9320,X9321,X9322,X9323,X9324,X9326,X9327,X9328,X9329,X9330,X9331,X9332,X9333,X9334,X9335,X9337,X9338,X9342,X9344,X9345,X9346,X9349,X9350,X9351,X9352,X9353,X9356,X9357,X9358,X9359,X9360,X9361,X9362,X9363,X9365,X9366,X9367,X9368,X9369,X9371,X9372,X9373,X9414,X9418,X9419,X9420,X9421,X9422,X9425,X9426,X9427,X9428,X9429,X9430,X9444,X9445,X9446,X9447,X9450,X9451,X9452,X9453,X9454,X9455,X9456
chr1,101244007,rs3737576,T,C,731.53,PASS,T/T,T/T,T/T,T/T,T/T,T/T,T/T,T/T,T/T,T/T,T/T,T/T,T/T,T/T,T/T,T/T,T/T,T/T,T/T,T/T,T/T,T/T,T/T,T/T,T/T,T/T,T/T,T/T,T/T,T/T,T/T,T/T,T/T,T/T,T/T,T/T,T/T,T/T,T/T,T/T,T/T,T/T,T/T,T/T,T/T,T/T,T/T,T/T,T/T,T/T,T/T,T/T,T/T,T/T,T/T,T/T,T/T,T/T,T/T,T/T,T/T,T/T,T/T,T/T,T/T,T/T,T/T,T/T,T/T,T/T,T/T,T/T,T/T,T/T,T/T,T/T,T/T,T/T,T/T,T/T,T/T,T/T,T/T,T/T,T/T,T/T,T/T,T/T,T/T,T/T,T/T,T/T,T/T,T/T,T/T,T/T,T/T,T/T,T/T,T/T,T/T,T/T,T/T,.,T/T,T/T,T/T,T/T,T/T,T/T,T/T,T/T,T/T,T/T,T/T,T/T,T/T,T/T,T/T,T/T,T/T,T/T,T/T,T/T,T/T,T/T,T/T,T/T,T/T,T/T,T/T,T/T,T/T,T/T,T/T,T/T,T/T,T/T,T/T,T/C,T/T,T/T,T/T,T/T,T/T,T/T,T/T,T/T,T/T,T/T,T/T,T/T,T/T,T/T,T/T,T/T,T/T,T/T,T/C,T/T,T/T,T/T,T/T,T/T,T/T,T/T,T/T,T/T,T/T,T/T,T/T,T/T,T/T,T/T,T/T,T/T,T/T,T/T,T/T,T/T,T/T,T/T,T/T,T/T,T/T,T/T,T/T,T/T,T/T,T/T,T/T,T/T,T/T,T/T,T/T,T/T,T/T,T/T,T/T,T/T,T/T,T/T,T/T,T/T,T/T,T/T,T/T,T/T,T/T,T/T,T/T,T/T,T/T,T/T,T/T,T/T,T/T,T/T,T/T,T/T,T/T,T/T,T/T,T/T,T/T,T/T,T/T,T/T,T/T,T/T,T/T,T/T,T/T,T/T,T/T,T/T,T/T,T/T,T/T,T/T,T/T,T/T,T/T,T/T,T/T,T/T,T/T,T/T
chr1,151150013,rs7554936,C,T,152605,PASS,T/T,T/T,T/T,T/T,T/T,T/T,T/T,T/T,T/T,C/T,T/T,T/T,T/T,T/T,T/T,T/T,T/T,T/T,T/T,C/T,T/T,T/T,T/T,T/T,T/T,T/T,T/T,T/T,C/T,C/T,C/T,T/T,C/C,C/T,C/T,C/T,T/T,C/T,C/T,T/T,T/T,T/T,T/T,T/T,C/T,C/T,T/T,C/T,T/T,T/T,T/T,C/C,C/T,C/T,T/T,C/T,C/T,C/C,T/T,C/C,T/T,T/T,T/T,C/C,C/C,C/C,T/T,T/T,T/T,C/T,T/T,T/T,T/T,C/T,C/T,T/T,T/T,T/T,T/T,T/T,T/T,C/T,T/T,C/T,T/T,T/T,T/T,T/T,T/T,T/T,T/T,C/C,T/T,T/T,C/T,T/T,T/T,T/T,T/T,C/T,C/C,T/T,T/T,T/T,T/T,C/C,C/T,T/T,T/T,T/T,T|T,.,C/T,T/T,C/C,T/T,C/C,C/T,T/T,C/C,C/T,T/T,T/T,T/T,T/T,.,C/T,T/T,T/T,T/T,T/T,T/T,C/T,T/T,C/C,C/C,T/T,T/T,C/T,C/T,C/T,T/T,C/T,T/T,C/T,T/T,T/T,T/T,C/T,C/T,T/T,T/T,C/T,C/T,T/T,T/T,T/T,T/T,T/T,T/T,T/T,T/T,C/T,T/T,T/T,T/T,T/T,C/T,T/T,T/T,C/T,C/T,T/T,T/T,T/T,C/T,T/T,C/T,T/T,T/T,C/C,T/T,C/T,T/T,T/T,C/T,C/T,T/T,T/T,T/T,C/T,T/T,T/T,T/T,T/T,T/T,T/T,T/T,C/T,T/T,T/T,T/T,T/T,C/T,T/T,C/T,T/T,T/T,T/T,T/T,T/T,T/T,T/T,T/T,T/T,T/T,T/T,T/T,T/T,T/T,T/T,C/T,T/T,T/T,T/T,T/T,T/T,T/T,T/T,T/T,T/T,T/T,T/T,T/T,T/T,T/T,T/T,T/T,T/T,C/T,T/T,T/T,T/T,T/T,T/T,T/T,C/T,C/T
chr2,7828144,rs798443,G,A,118180,PASS,A/A,A/A,G/A,G/A,A/A,A/A,A/A,A/A,A/A,G/A,G/A,A/A,G/A,G/A,G/G,A/A,G/A,G/A,G/A,G/A,G/G,G/A,A/A,G/G,G/A,A/A,A/A,G/G,A/A,A/A,A/A,G/A,G/A,G/G,A/A,G/A,A/A,G/A,A/A,A/A,A/A,A/A,A/A,A/A,A/A,A/A,A/A,G/A,A/A,A/A,A/A,G/A,A/A,A/A,A/A,G/G,A/A,G/A,G/A,A/A,G/A,A/A,G/A,G/A,G/A,G/A,A/A,G/A,G/G,G/A,G/A,G/A,A/A,A/A,A/A,A/A,G/A,G/A,G/A,A/A,G/A,A/A,G/A,A/A,G/A,A/A,A/A,A/A,A|A,A/A,G/A,G/G,A/A,G/A,G/G,G/A,G/G,G/G,G/A,A/A,.,A/A,G/A,A/A,G/A,G/A,A/A,G/G,A/A,G/G,A/A,G/A,G/A,A/A,A/A,G/A,A/A,A/A,G/A,G/A,.,A/A,G/A,A/A,G/A,A/A,A/A,A/A,A/A,G/G,A/A,A/A,A/A,G/A,A/A,A/A,A/A,A/A,A/A,A/A,G/A,G/A,G/G,G/A,G/A,A/A,A/A,G/A,G/A,A/A,G/G,G/A,G/G,A/A,G/G,A/A,G/A,A/A,A/A,G/A,G/A,A/A,A/A,A/A,G/A,A/A,G/A,A/A,A/A,G/A,A/A,G/A,A/A,G/G,G/A,G/G,A/A,A/A,A/A,A/A,A/A,A/A,G/A,A/A,G/A,A/A,A|A,A/A,A/A,A/A,A/A,A/A,G/A,A/A,G/G,G/A,G/A,G/A,G/A,G/A,G/G,G/A,G/G,G/G,G/G,A/A,A/A,A/A,A/A,G/A,G/A,A/A,G/A,A/A,A/A,A/A,A/A,A/A,A/A,G/A,A/A,A/A,G/A,A/A,A/A,A/A,A/A,G/A,G/A,G/G,G/G,G/G,A/A,G/A,G/A,A/A,A/A,G/A,G/A,A/A,G/A,G/A,G/A,G/G,G/G,A/A,G/A,A/A
chr2,17181301,rs1876482,G,A,126854,PASS,A/A,A/A,A/A,A/A,A/A,A/A,A/A,A/A,G/A,G/A,A/A,A/A,A/A,A/A,A/A,A/A,A/A,A/A,A/A,A/A,G/A,A/A,G/A,A/A,A/A,A/A,A/A,G/G,G/A,G/A,G/A,G/A,A/A,A/A,A/A,G/A,G/A,G/G,A/A,A/A,A/A,G/A,A/A,A/A,A/A,A/A,A/A,A/A,A/A,A/A,A/A,G/A,A/A,A/A,A/A,A/A,A/A,A/A,A/A,A/A,A/A,A/A,A/A,A/A,A/A,A/A,G/A,G/A,A/A,G/G,G/A,G/G,G/A,A/A,A/A,A|A,G/A,G/A,A/A,A/A,A/A,G/A,G/A,G/G,A/A,A/A,G/G,A/A,A/A,A/A,A/A,.,A/A,G/A,A/A,G/A,G/A,G/A,A/A,A/A,G/A,A/A,G/A,A/A,G/A,G/A,G/A,A/A,A/A,A/A,A/A,G/A,G/A,A/A,G/A,A/A,G/A,G/A,A/A,G/A,A/A,A/A,A/A,G/A,A/A,A/A,G/A,A/A,G/A,A/A,A/A,A/A,A/A,G/A,A/A,A/A,G/A,A/A,A/A,G/A,A/A,A/A,A/A,A/A,G/A,A/A,A|A,G/G,A/A,A/A,A/A,A/A,G/G,A/A,A/A,G/A,G/G,G/A,A/A,G/G,G/G,G/A,G/A,G/G,G/A,A/A,G/A,G/A,G/G,A/A,G/G,G/A,G/G,G/A,G/G,G/A,G/A,A/A,G/A,G/A,G/A,G/A,G/A,G/G,G/A,A/A,G/A,G/A,G/G,A/A,A/A,G/A,G/A,G/G,G/G,A/A,G/A,A/A,A/A,A/A,A/A,G/A,A/A,G/G,A/A,A/A,G/A,A/A,G/A,G/A,G/A,A/A,G/G,G/A,A/A,G/A,G/A,A/A,G/A,G/A,G/G,A/A,A/A,A/A,A/A,G/G,G/A,G/A,G/G,G/G,G/G,A/A,G/A,A/A,G/A,A/A,G/A,A/A,A/A,G/G,A/A,G/G,G/A,G/A,G/A,A/A,G/A,G/A
chr2,17720218,rs1834619,G,A,90355.9,PASS,G/G,G/G,G/A,G/A,G/G,G/A,G/A,G/G,G/A,G/A,G/G,G/A,A/A,A/A,G/A,G/A,G/A,G/A,A/A,G/A,G/G,G/G,G/A,G/G,G/A,G/A,A/A,A/A,A/A,G/G,G/G,G/G,G/G,G/G,G/G,G/A,A/A,G/G,G/A,G/A,G/A,G/A,G/A,A/A,G/G,G/G,G/G,G/A,G/A,G/G,G/A,G/G,G/G,G/G,G/G,G/G,G/G,G/G,G/G,G/G,G/G,G/G,A/A,A/A,G/A,G/A,G/A,A/A,G/A,A/A,A/A,A/A,G/A,G/A,G/A,G/A,G/A,G/A,G/A,G/G,A/A,A/A,G/A,A/A,A/A,A/A,A/A,A/A,A/A,A/A,G/A,.,A/A,G/A,G/A,.,A/A,A/A,G/A,G/G,A/A,A/A,A/A,A/A,A/A,A/A,A/A,A/A,G/G,G/A,A/A,G/G,.,G/A,G/G,G/A,G/A,G/G,A/A,A/A,.,G/G,G/A,A/A,G/A,G/A,G/G,G/A,G/A,A/A,A/A,A/A,A/A,A/A,A/A,G/A,A/A,G/A,G/A,A/A,A/A,A/A,G/A,G/A,G/G,A/A,G/A,G/G,G/G,G/A,A/A,G/A,G/A,A/A,G/G,A/A,A/A,A/A,G/A,A/A,A/A,G/A,A/A,G/A,A/A,G/A,G/A,A/A,A/A,A/A,G/G,A/A,G/G,G/A,G/G,G/G,G/A,G/G,G/A,A/A,A/A,G/A,G/A,A/A,A/A,G/G,G/A,G/A,G/A,A/A,A/A,G/G,G/G,G/G,G/A,A/A,G/G,G/A,A/A,G/A,A/A,G/A,G/A,G/G,A/A,A/A,G/A,A/A,G/A,G/G,G/A,G/A,G/G,G/A,A/A,A/A,G/G,A/A,A/A,A/A,G/A,G/A,G/A,G/A,G/G,G/A,G/A,G/A,G/A,G/G,A/A,G/G,G/G,G/A,G/G,G/G,G/G,G/A,G/A,A/A,G/A,G/G,G/A,G/A,G/A,G/A,G/G,G/G
chr2,108897145,rs3827760,A,G,89981.5,PASS,G/G,G/G,G/G,G/G,A/G,A/G,G/G,G/G,A/G,G/G,A/G,G/G,G/G,G/G,G/G,A/G,G/G,G/G,G/G,G/G,G/G,G/G,G/G,G/G,G/G,G/G,G/G,A/G,A/G,G/G,G/G,A/A,A/A,A/G,A/A,A/G,A/G,A/G,G/G,G/G,G/G,G/G,G/G,G/G,G/G,G/G,G/G,G/G,G/G,G/G,G/G,A/G,G/G,G/G,G/G,G/G,G/G,G/G,G/G,G/G,G/G,G/G,G/G,G/G,G/G,G/G,G/G,G/G,G/G,G/G,G/G,G/G,G/G,G/G,G/G,A/G,A/G,A/A,G/G,A/G,A/A,A/G,A/G,A/A,G/G,G/G,A/G,G/G,G/G,A/G,A/G,A/G,A/A,G/G,A/G,A/G,A/A,G/G,A/G,A/G,G/G,A/A,A/A,A/A,A/G,A/G,G/G,A/G,.,A/A,G/G,G/G,G/G,G/G,G/G,A/G,G/G,A/G,A/A,G/G,A/G,.,.,.,.,.,.,.,G/G,.,G/G,G/G,A/A,A/G,A/G,A/G,G/G,G/G,G/G,A/G,A/G,G/G,G/G,A/G,G/G,G/G,G/G,G/G,A/G,A/G,G/G,A/G,G/G,G/G,A/A,A/G,A/G,A/A,A/A,G/G,A/G,A/G,A/G,A/A,G/G,A/G,A/A,A/G,A/G,A/A,A/A,A/A,A/A,A/A,G/G,A/A,G/G,A/G,G/G,G/G,G/G,G/G,G/G,A/G,G/G,G/G,G/G,A/A,A/G,A/A,A/G,A/A,A/A,A/G,A/G,A/A,A/G,A/A,A/G,G/G,A/G,A/A,A/A,A/A,A/A,A/A,A/A,A/G,A/A,A/G,A/G,A/A,A/A,A/A,A/G,A/G,A/G,G/G,A/A,A/A,A/A,G/G,A/G,A/A,A/G,A/A,A/G,A/G,A/A,A/G,A/A,A/G,A/A,G/G,A/A,A/G,A/A,A/G,A/A,A/A,A/A,G/G,A/A,A/G,A/G,G/G,A/G,G/G
chr2,108963282,rs260690,C,A,29356.8,PASS,C/C,C/C,C/C,C/C,C/A,C/C,C/C,C/C,C/C,C/C,C/C,C/C,C/C,C/C,C/C,C/C,C/C,C/C,C/C,C/C,C/C,C/C,C/C,C/C,C/C,C/C,C/C,C/C,C/A,C/C,C/C,C/A,A/A,C/A,C/C,C/C,C/C,C/A,C/C,C/C,C/C,C/C,C/C,C/C,C/C,C/C,C/C,C/C,C/C,C/C,C/C,C/A,C/C,C/C,C/C,C/C,C/C,C/C,C/C,C/C,C/C,C/C,C/C,C/C,C/C,C/C,C/C,C/C,C/C,C/C,C/C,C/C,C/C,C/C,C/C,C/A,C/A,C/C,C/C,C/C,C/C,C/C,C/A,C/A,C/C,C/C,C/C,C/C,C/C,C/C,C/C,C/A,C/C,C/C,C/C,C/C,.,C/C,C/A,C/A,C/C,C/C,C/C,.,C/C,C/C,C/C,C/C,.,C/C,C/C,C/C,C/C,C/C,C/C,C/C,C/C,C/C,C/A,C/C,C/C,C/C,C/C,C/A,C/C,C/C,C/C,C/C,C/C,C/C,C/C,C/C,C/A,C/A,C/C,C/C,C/C,C/C,C/C,C/A,C/C,C/C,C/A,C/A,C/C,A/A,C/C,C/C,C/A,C/A,C/C,C/C,C/A,C/C,C/A,C/A,C/C,C/A,A/A,C/C,C/C,C/C,C/A,A/A,C/C,C/A,C/A,C/C,C/A,C/A,C/C,C/A,C/C,C/A,C/C,A/A,C/C,C/C,C/C,C/C,C/C,C/C,C/C,C/C,C/C,C/A,C/C,C/C,C/C,C/C,C/C,C/C,C/A,C/A,C/C,C/A,C/C,C/C,C/A,C/C,C/C,C/A,C/C,C/C,C/A,C/A,C/C,C/C,C/C,C/A,C/A,C/A,C/C,C/A,C/A,C/C,C/C,C/C,C/C,A/A,C/C,C/A,C/C,C/C,C/C,C/C,C/A,C/A,C/A,C/A,C/A,C/C,A/A,C/C,A/A,C/C,C/A,C/A,A/A,A/A,C/C,C/C,C/C,C/A,C/A,C/C,C/A,C/C
chr2,135950412,rs6754311,T,C,172354,PASS,C/C,C/C,C/C,C/C,C/C,C/C,C/C,C/C,C/C,C/C,C/C,C/C,C/C,C/C,C/C,C/C,C/C,C/C,C/C,C/C,C/C,C/C,C/C,C/C,C/C,C/C,C/C,C/C,C/C,C/C,C/C,C/C,C/C,C/C,C/C,C/C,C/C,C/C,C/C,C/C,C/C,C/C,C/C,C/C,C/C,C/C,C/C,C/C,C/C,C/C,C/C,C/C,C/C,C/C,C/C,C/C,C/C,C/C,C/C,C/C,C/C,C/C,C/C,C/C,C/C,C/C,C/C,C/C,C/C,C/C,C/C,C/C,C/C,C/C,C/C,C/C,C/C,C/C,C/C,C/C,C/C,C/C,C/C,C/C,C/C,C/C,C/C,C/C,C/C,C/C,C/C,C/C,C/C,C/C,C/C,C/C,C/C,C/C,C/C,C/C,.,C/C,C/C,C/C,C/C,C/C,C/C,C/C,.,.,C/C,C/C,C/C,C/C,C/C,C/C,C/C,C/C,C/C,C/C,C/C,C/C,C/C,C/C,C/C,C/C,C/C,C/C,C/C,C/C,C/C,C/C,C/C,C/C,C/C,C/C,C/C,C/C,C/C,C/C,C/C,C/C,C/C,C/C,C/C,C/C,C/C,C/C,C/C,C/C,C/C,C/C,C/C,C/C,C/C,C/C,C/C,C/C,C/C,C/C,C/C,C/C,C/C,C/C,C/C,C/C,C/C,C/C,C/C,C/C,C/C,C/C,C/C,C/C,C/C,C/C,C/C,C/C,C/C,C/C,C/C,C/C,C/C,C/C,C/C,C/C,C/C,C/C,C/C,C/C,C/C,C/C,C/C,C/C,C/C,C/C,C/C,C/C,C/C,C/C,C/C,C/C,C/C,C/C,C/C,C/C,C/C,C/C,C/C,C/C,C/C,C/C,C/C,C/C,C/C,C/C,C/C,C/C,C/C,C/C,C/C,C/C,C/C,C/C,C/C,C/C,C/C,C/C,C/C,C/C,C/C,C/C,C/C,C/C,C/C,C/C,C/C,C/C,C/C,C/C,C/C,C/C,C/C,C/C,C/C,C/C,C/C,C/C
chr2,157810705,rs10497191,T,C,143323,PASS,C/C,C/C,C/C,C/C,C/C,C/C,C/C,C/C,C/C,C/C,C/C,C/C,C/C,C/C,C/C,C/C,C/C,C/C,C/C,C/C,C/C,C/C,C/C,T/C,C/C,C/C,C/C,T/C,C/C,C/C,C/C,T/C,C/C,T/C,C/C,T/C,T/T,C/C,C/C,C/C,C/C,C/C,C/C,C/C,C/C,C/C,C/C,C/C,C/C,C/C,C/C,C/C,C/C,C/C,C|C,C/C,C/C,C/C,C/C,C/C,C/C,C/C,C/C,C/C,C/C,C/C,C/C,C/C,C/C,C/C,C|C,C/C,C/C,C/C,C/C,C/C,C/C,C/C,C/C,C/C,C/C,C/C,C/C,C/C,C/C,C/C,C/C,C/C,C/C,C/C,C/C,C/C,C/C,T/C,C/C,.,C/C,C/C,C/C,C/C,C/C,.,C/C,C/C,C/C,C/C,C/C,C/C,.,C/C,C/C,T/T,C/C,C/C,C/C,C/C,C/C,C/C,C/C,T/C,T/C,C/C,C/C,.,C/C,C/C,C/C,.,C/C,C/C,C/C,T/C,T/C,T/C,C/C,C/C,C/C,C/C,C/C,C/C,C/C,C/C,C/C,T/C,C/C,C/C,C/C,C/C,T/C,C/C,C/C,T/C,C/C,T/C,C/C,C/C,C/C,C/C,C/C,C/C,T/C,C/C,T/C,T/C,T/C,T/C,C/C,T/C,T/C,C/C,C/C,C/C,C/C,C/C,C/C,C/C,C/C,T/C,C/C,C/C,C/C,C/C,C/C,C/C,C/C,C/C,C/C,C/C,C/C,C/C,T/C,T/C,C/C,C/C,C/C,C/C,T/C,T/C,T/C,C/C,T/C,T/C,C/C,T/C,C/C,C/C,C/C,C/C,C/C,T/C,C/C,T/C,C/C,C/C,C/C,T/C,C/C,C/C,C/C,C/C,C/C,C/C,T/C,C/C,T/C,C/C,T/C,C/C,C/C,C/C,T/C,T/C,T/C,T/C,C/C,C/C,C/C,C/C,C/C,C/C,C/C,C/C,C/C,C/C,C/C,C/C,C/C,C/C
chr3,121645326,rs1919550,A,T,1537.63,PASS,A/A,A/A,A/A,A/A,A/A,A/A,A/A,A/A,A/A,A/A,A/A,A/A,A/A,A/A,A/A,A/A,A/A,A/A,A/A,A/A,A/A,A/A,A/A,A/A,A/A,A/A,A/A,A/A,A/A,A/A,A/A,A/A,A/A,A/A,A/A,A/A,A/A,A/A,A/A,A/A,A/A,A/A,A/A,A/A,A/A,A/A,A/A,A/A,A/A,A/A,A/A,A/A,A/A,A/A,A/A,A/A,A/A,A/A,A/A,A/A,A/A,A/A,A/A,A/A,A/A,A/A,A/A,A/A,A/A,A/A,A/A,A/A,A/A,A/A,A/A,A/A,A/A,A/T,A/A,A/T,A/A,A/A,A/A,A/A,A/T,A/A,A/T,A/A,A/A,A/A,A/A,A/A,A/A,A/A,A/A,A/A,A/A,A/A,A/A,A/A,A/A,A/A,A/A,A/A,A/A,A/A,A/A,T/T,.,A/A,A/A,A/A,A/A,A/A,A/A,A/A,A/A,A/A,A/A,A/A,A/A,A/A,A/A,A/A,A/A,A/A,A/A,A/A,A/A,A/A,A/A,A/A,A/A,A/A,A/A,A/A,A/A,A/A,A/A,A/A,A/A,A/A,A/A,A/A,A/A,A/A,A/A,A/A,A/A,A/A,A/A,A/A,A/A,A/A,A/A,A/A,A/A,A/A,A/A,A/A,A/A,A/A,A/A,A/A,A/A,A/A,A/A,A/A,A/A,A/A,A/A,A/A,A/A,A/A,A/A,A/A,A/A,A/A,A/A,A/A,A/A,A/A,A/A,A/A,A/A,A/A,A/A,A/A,A/A,A/A,A/A,A/A,A/A,A/A,A/A,A/A,A/A,A/A,A/A,A/A,A/A,A/A,A/A,A/A,A/A,A/A,A/A,A/A,A/A,A/A,A/T,A/A,A/A,A/A,A/A,A/A,A/A,A/A,A/A,A/A,A/A,A/A,A/A,A/A,A/A,A/A,A/A,A/A,A/A,A/A,A/A,A/A,A/A,A/A,A/A,A/A,A/A,A/A,A/A,A/T,A/A,A/A,A/A,A/A,A/A,A/A,A/A,A/A
chr3,121740742,rs12498138,G,A,1469.65,PASS,G/G,G/G,G/G,G/G,G/G,G/G,G/G,G/G,G/G,G/G,G/G,G/G,G/G,G/G,G/G,G/G,G/G,G/G,G/G,G/G,G/G,G/G,G/G,G/G,G/G,G/G,G/G,G/G,G/G,G/G,G/G,G/G,G/G,G/G,G/G,G/G,G/G,G/G,G/G,G/G,G/G,G/G,G/G,G/G,G/G,G/G,G/G,G/G,G/G,G/G,G/G,G/G,G/G,G/G,G/G,G/G,G/G,G/G,G/G,G/G,G/G,G/G,G/G,G/G,G/G,G/G,G/G,G/G,G/G,G/G,G/G,G/G,G/G,G/G,G/G,G/G,G/G,G/A,G/G,G/A,G/G,G/G,G/G,G/G,G/A,G/G,G/A,G/G,G/G,G/G,G/G,G/G,G/G,G/G,G/G,G/G,G/G,G/G,G/G,G/G,G/G,G/G,G/G,.,G/G,G/G,G/G,G/A,G/G,G/G,G/G,G/G,G/G,G/G,G/G,G/G,G/G,G/G,G/G,G/G,G/G,G/G,G/G,G/G,G/G,G/G,G/G,G/G,G/G,G/G,G/G,G/G,G/G,G/G,G/G,G/G,G/G,G/G,G/G,G/G,G/G,G/G,G/G,G/G,G/G,G/G,G/G,G/G,G/G,G/G,G/G,G/G,G/G,G/G,G/G,G/G,G/G,G/G,G/G,G/G,G/G,G/G,G/G,G/G,G/G,G/G,G/G,G/G,G/G,G/G,G/G,G/G,G/G,G/G,G/G,G/G,G/G,G/G,G/G,G/G,G/G,G/G,G/G,G/G,G/G,G/G,G/G,G/G,G/G,G/G,G/G,G/G,G/G,G/G,G/G,G/G,G/G,G/G,G/G,G/G,G/G,G/G,G/G,G/G,G/G,G/G,G/G,G/G,G/G,G/G,G/G,G/G,G/G,G/G,G/G,G/G,G/G,G/G,G/G,G/G,G/G,G/G,G/G,G/G,G/G,G/G,G/G,G/G,G/G,G/G,G/G,G/G,G/G,G/G,G/G,G/G,G/G,G/G,G/G,G/A,G/G,G/G,G/G,G/G,G/G,G/G,G/G,G/G
chr4,38813881,rs4833103,A,C,172601,PASS,C/C,C/C,C/C,C/C,C/C,C/C,C/C,C/C,C/C,C/C,C/C,C/C,C/C,C/C,C/C,C/C,C/C,C/C,C/C,C/C,C/C,C/C,C/C,C/C,C/C,C/C,C/C,C/C,C/C,C/C,C/C,C/C,C/C,C/C,C/C,C/C,C/C,C/C,C/C,C/C,C/C,C/C,C/C,C/C,C/C,C/C,C/C,C/C,C/C,C/C,C/C,C/C,C/C,C/C,C/C,C/C,C/C,C/C,C/C,C/C,C/C,C/C,C/C,C/C,C/C,C/C,C/C,C/C,C/C,C/C,C/C,C/C,C/C,C/C,C/C,C/C,C/C,C/C,C/C,C/C,C/C,C/C,C/C,C/C,C/C,C/C,C/C,C/C,C/C,C/C,C/C,C/C,C/C,C/C,C/C,C/C,C/C,.,C/C,C/C,C/C,.,C/C,C/C,C/C,C/C,C/C,C/C,.,.,C/C,C/C,C/C,C/C,C/C,C/C,C/C,C/C,C/C,C/C,C/C,C/C,C/C,C/C,C/C,C/C,C/C,C/C,C/C,C/C,C/C,C/C,C/C,C/C,C/C,C/C,C/C,C/C,C/C,C/C,C/C,C/C,C/C,C/C,C/C,C/C,C/C,C/C,C/C,C/C,C/C,C/C,C/C,C/C,C/C,C/C,C/C,C/C,C/C,C/C,C/C,C/C,C/C,C/C,C/C,C/C,C/C,C/C,C/C,C/C,C/C,C/C,C/C,C/C,C/C,C/C,C/C,C/C,C/C,C/C,C/C,C/C,C/C,C/C,C/C,C/C,C/C,C/C,C/C,C/C,C/C,C/C,C/C,C/C,C/C,C/C,C/C,C/C,C/C,C/C,C/C,C/C,C/C,C/C,C/C,C/C,C/C,C/C,C/C,C/C,C/C,C/C,C/C,C/C,C/C,C/C,C/C,C/C,C/C,C/C,C/C,C/C,C/C,C/C,C/C,C/C,C/C,C/C,C/C,C/C,C/C,C/C,C/C,C/C,C/C,C/C,C/C,C/C,C/C,C/C,C/C,C/C,C/C,C/C,C/C,C/C,C/C,C/C
chr4,99318162,rs1229984,T,C,31453.6,PASS,T/T,T/T,T/T,T/T,T/C,T/T,T/C,T/C,T/T,T/T,T/T,T/C,T/C,C/C,T/T,T/C,T/T,T/C,T/T,T/T,C/C,T/T,T/C,T/T,C/C,T/T,T/T,T/T,T/C,T/C,T/T,C/C,T/C,T/C,T/C,T/C,T/T,T/C,T/T,T/C,T/C,T/T,T/T,T/T,T/T,T/T,T/C,T/T,T/T,T/T,T/T,T/T,T/C,T/T,T/T,T/T,T/C,T/T,T/T,T/T,C/C,T/T,T/T,T/T,T/T,T/T,T/C,T/C,T/C,T/T,T/C,T/C,C/C,T/C,T/T,C/C,T/T,T/C,C/C,T/C,T/T,T/C,C/C,C/C,T/C,T/T,T/C,T/T,T/T,T/C,T/C,T/T,T/C,T/T,T/T,C/C,T/T,T/T,T/T,T/T,T/T,T/C,T/C,T/T,T/T,T/C,T/C,T/T,.,.,C/C,T/C,T/C,T/C,T/C,T/C,T/T,T/T,T/T,T/T,.,T/T,.,T/T,T/T,T/C,.,.,T/C,T/T,T/C,T/T,T/T,T/C,T/C,T/C,T/C,T/T,T/T,T/T,C/C,C/C,T/T,T/C,T/C,T/C,T/T,T/T,T/C,T/C,T/C,C/C,T/T,T/T,C/C,T/C,T/T,T/T,T/T,T/T,T/T,C/C,T/T,T/T,T/C,T/T,T/C,C/C,T/T,T/C,T/C,T/T,T/T,T/T,T/C,C/C,T/T,T/T,T/C,T/C,T/C,T/C,T/C,T/C,T/T,T/T,C/C,T/C,C/C,T/T,C/C,T/C,C/C,T/C,T/C,C/C,T/C,T/C,T/C,C/C,T/C,T/C,T/T,C/C,T/C,T/C,C/C,T/C,C/C,T/C,T/C,T/C,T/C,C/C,T/T,T/T,T/T,T/T,T/C,T/T,T/T,T/C,T/T,T/T,T/T,C/C,T/C,T/T,T/T,T/T,T/T,T/T,T/C,T/T,T/T,T/T,T/T,T/T,T/C,T/T,T/T,T/C,T/T,T/T,T/T,T/T,T/C,T/C
chr4,99323162,rs3811801,G,A,12504.2,PASS,G/G,G/G,G/G,G/G,G/G,G/G,G/G,G/G,G/G,G/G,G/G,G/G,G/G,G/G,G/A,G/G,G/G,G/G,G/G,G/G,G/G,G/G,G/A,G/G,G/G,G/A,G/A,G/G,G/G,G/G,G/G,G/G,G/G,G/G,G/G,G/G,G/G,G/G,G/G,G/G,G/G,G/A,G/A,G/A,G/G,G/G,G/G,G/G,G/G,G/G,G/G,G/G,G/G,G/G,G/G,G/G,G/G,G/G,G/G,G/G,G/G,G/G,G/G,G/G,G/G,G/G,G/G,G/G,G/G,G/G,G/G,G/G,G/G,G/G,G/G,G/G,G/G,G/G,G/G,G/G,G/G,G/G,G/G,G/G,G/G,G/G,G/A,G/A,G/G,G/G,G/G,G/G,G/G,G/G,G/A,G/G,G/G,G/G,G/G,G/G,G/G,G/G,G/G,G/G,G/G,G/G,G/G,G/G,G/G,G/G,G/G,G/G,G/G,G/G,G/A,G/G,G/G,G/G,G/G,G/G,G/G,G/G,G/G,G/A,G/G,G/G,G/G,G/G,G/G,G/G,G/G,G/G,A/A,G/A,G/A,G/G,G/G,G/A,G/G,G/A,G/G,G/G,G/G,G/G,G/A,G/A,A/A,G/A,G/G,G/G,G/A,G/G,G/G,G/G,G/G,G/G,G/G,G/G,G/A,G/A,G/G,G/G,G/G,G/G,G/G,G/G,G/G,G/G,G/G,G/G,G/G,G/G,G/G,G/G,G/G,G/G,G/G,G/G,G/G,G/A,G/G,G/G,G/G,G/G,G/G,G/G,G/G,G/G,G/G,G/A,G/G,G/G,G/G,G/G,G/G,G/G,G/G,G/G,G/G,G/G,G/G,G/G,G/A,G/G,G/G,G/A,G/G,G/A,G/G,G/G,G/G,G/G,G/G,G/G,G/G,G/A,G/G,G/G,G/G,G/A,G/G,G/G,G/G,G/G,G/G,G/G,G/G,G/G,G/G,G/G,G/G,G/G,G/G,G/G,G/G,G/A,G/G,G/G,G/G,G/G,G/G,G/G,G/G,G/G,G/G,G/G,G/G,G/G
chr4,104454266,rs7657799,T,G,43614.8,PASS,T/G,T/T,T/T,T/G,T/T,T/T,T/G,T/G,T/G,T/G,T/G,G/G,T/T,T/T,T/T,T/G,T/T,T/T,T/T,G/G,T/T,G/G,T/T,T/G,T/G,T/G,G/G,T/T,T/T,T/T,T/T,T/T,T/T,T/T,T/G,T/T,T/T,T/T,G/G,T/T,T/T,T/T,T/T,T/G,T/T,T/G,G/G,G/G,T/T,T/G,T/T,G/G,T/T,T/T,T/G,T/T,T/G,G/G,T/T,T/G,T/T,G/G,T/G,G/G,T/G,T/G,T/G,T/T,T/T,T/G,T/T,T/G,T/T,T/T,T/T,T/T,T/G,T/T,T/T,T/T,T/T,T/G,G/G,T/G,T/T,T/T,G/G,T/G,T/T,G/G,T/T,T/T,T/G,T/G,T/G,T/G,T/G,T/T,T/T,T/G,T/T,T/T,T/T,T/T,T/T,T/T,T/T,T/T,.,G/G,T/G,T/T,T/G,T/T,T/T,T/T,T/T,T/G,T/T,T/T,T/T,T/T,T/G,T/T,T/G,T/T,T/T,T/T,T/T,G/G,T/G,G/G,T/G,T/T,T/G,T/T,T/T,T/T,T/T,T/T,T/G,G/G,T/T,T/T,T/G,T/G,T/G,T/T,T/G,T/T,T/G,T/T,T/G,T/T,T/G,T/T,T/G,T/T,T/T,T/T,T/T,T/T,T/G,T/T,T/G,T/G,T/G,T/T,T/T,T/T,T/T,T/T,T/T,T/T,T/T,T/G,T/T,T/T,T/T,T/G,G/G,T/G,T/T,T/G,T/T,T/T,T/G,T/T,T/T,T/G,T/T,T/T,T/T,T/T,T/G,T/G,G/G,T/G,T/G,T/G,T/T,G/G,T/T,T/T,T/T,T/T,T/T,T/T,T/T,T/T,T/T,T/T,T/T,T/T,T/G,T/T,T/G,T/G,T/G,T/T,T/T,G/G,G/G,T/G,G/G,T/T,T/G,T/G,T/T,T/T,T/G,T/T,T/G,T/G,G/G,G/G,G/G,T/T,T/T,T/T,T/T,T/G,T/T,T/G,T/G,T/T,G/G,T/G
chr5,6844922,rs870347,A,C,51616.9,PASS,A/C,A/A,A/C,A/A,A/A,A/A,A/C,A/C,A/C,A/A,A/C,A/C,A/C,A/A,A/A,A/C,A/C,A/C,C/C,A/C,C/C,A/A,C/C,A/C,A/A,A/A,A/A,A/A,A/C,A/C,A/A,A/A,A/A,A/A,A/A,A/A,A/C,A/A,A/A,A/A,A/C,C/C,A/C,A/C,A/C,C/C,A/C,C/C,A/C,A/C,A/A,C|C,A/C,A/C,A/A,A/C,A/A,A/C,A/C,A/C,A/A,A/C,C/C,A/C,A/C,A/C,A/C,A/A,A/A,A/C,A/C,A/C,A/A,A/A,A/C,A/A,A/A,A/C,A/A,A/C,A/C,A/C,C/C,C/C,A/C,A/A,A/C,A/A,A/A,A/A,A/C,A/A,A/C,A/A,A/A,A/A,A/C,A/A,A/C,A/A,A/A,A/A,A/A,A/A,A/C,A/C,A/C,A/A,.,A/A,A/A,A/A,A/A,C/C,A/C,A/C,A/C,A/A,A/A,C/C,A/C,A/A,C/C,A/A,A/A,A/C,A/A,C/C,C/C,A/A,A/C,A/C,A/A,A/A,A/A,A/A,A/C,A/A,A/C,A/C,A/C,A/C,A/C,A/A,A/A,A/C,A/C,A/C,A/A,A/A,A/C,A/A,A/A,A/A,A/C,A/A,A/A,A/A,A/A,A/A,A/A,A/A,A/A,A/C,A/C,A/A,A/A,C/C,A/C,A/A,C/C,A/A,A/C,A/C,A/C,A/A,A/A,A/A,A/A,A/A,A/A,A/A,A/C,A/A,A/C,A/C,A/A,A/C,A/C,A/C,C/C,A/A,A/A,A/C,A/C,C/C,C/C,C/C,C/C,C/C,A/C,A/A,A/C,A/C,A/C,A/C,A/A,C/C,A/C,C/C,A/C,A/C,A/A,A/C,A/C,A/A,A/C,A/A,A/A,A/A,A/C,A/C,A/C,A/A,A/A,A/C,A/C,A/A,A/C,A/C,A/A,A/A,A/A,A/C,A/A,A/C,A/C,A/A,A/A,A/A,A/A,A/C,A/A,C/C,A/A,A/C,A/C,A/C
chr5,170775980,rs7722456,C,T,165447,PASS,T/T,T/T,T/T,T/T,T/T,T/T,T/T,T/T,T/T,C/T,T/T,T/T,T/T,T/T,T/T,T/T,T/T,C/T,T/T,T/T,T/T,T/T,T/T,T/T,T/T,C/C,C/T,T/T,T/T,T/T,T/T,T/T,T/T,T/T,T/T,T/T,T/T,T/T,T/T,T/T,T/T,C/T,T/T,C/T,T/T,T/T,T/T,T/T,T/T,T/T,T/T,T/T,T/T,T/T,T/T,T/T,T/T,T/T,T/T,T/T,T/T,T/T,T/T,T/T,T/T,T/T,T/T,T/T,T/T,T/T,T/T,T/T,T/T,T/T,T/T,T/T,T/T,C/T,C/T,T/T,T/T,T/T,T/T,T/T,T/T,T/T,C/T,T/T,T/T,T/T,T/T,T/T,T/T,T/T,T/T,T/T,T/T,C/T,T/T,T/T,T/T,C/C,T/T,T/T,T/T,T/T,T/T,C/C,.,T/T,T/T,T/T,T/T,T/T,T/T,T/T,T/T,T/T,T/T,C/T,T/T,.,.,.,.,.,.,.,T/T,.,T/T,T/T,C/T,T/T,C/T,T/T,T/T,T/T,T/T,T/T,T/T,T/T,T/T,C/T,T/T,T/T,T/T,T/T,C/T,T/T,T/T,C/T,T/T,T/T,T/T,C/T,T/T,C/T,T/T,T/T,T/T,T/T,T/T,T/T,T/T,T/T,T/T,T/T,T/T,T/T,T/T,T/T,C/T,T/T,T/T,C/T,T/T,C/T,T/T,T/T,C/T,T/T,T/T,T/T,T/T,T/T,C/T,C/T,T/T,T/T,C/T,T/T,T/T,T/T,T/T,T/T,C/T,C/T,T/T,C/C,C/C,C/T,C/T,T/T,T/T,T/T,C/T,T/T,T/T,T/T,T/T,T/T,T/T,C/T,T/T,T/T,T/T,T/T,T/T,T/T,T/T,T/T,T/T,T/T,T/T,C/C,C/T,T/T,T/T,T/T,C/T,T/T,T/T,T/T,T/T,T/T,T/T,T/T,T/T,T/T,T/T,T/T,T/T,T/T,T/T,T/T,T/T,T/T
chr6,136161589,rs3823159,A,G,7417.55,PASS,A/A,A/A,A/A,A/A,A/A,A/A,A/A,A/A,A/A,A/A,A/G,A/A,A/A,A/A,A/G,A/G,A/A,A/G,A/A,A/A,A/G,A/A,A/A,A/A,A/A,A/A,A/A,A/G,A/G,A/A,A/G,A/A,A/A,A/A,A/A,A/G,A/G,A/G,A/A,A/A,A/A,A/G,A/G,A/G,A/A,A/A,A/A,A/A,A/A,A/A,A/A,A/A,A/A,A/A,A/A,A/A,A/A,A/A,A/A,A/A,A/A,A/A,A/A,A/A,A/A,A/A,A/A,A/A,A/A,A/A,A/A,A/A,A/A,A/A,A/A,A/A,A/A,A/A,A/A,A/G,A/G,A/A,A/A,A/A,A/A,A/A,A/A,A/A,A/A,A/A,A/A,A/A,A/A,A/A,A/A,A/A,A/A,A/A,A/A,A/A,A/G,A/A,A/G,A/A,A/A,A/A,A/A,A/A,A/A,A/A,A/G,A/A,A/G,G/G,A/G,A/A,A/A,A/A,A/A,A/A,A/A,A/A,A/A,A/A,A/A,A/A,A/A,A/A,A/A,A/A,A/A,A/A,A/A,A/A,A/A,A/A,A/A,A/A,A/G,A/A,A/A,A/A,A/G,A/A,A/A,A/A,A/A,A/A,A/A,A/A,A/A,A/A,A/A,A/A,A/A,A/A,A/A,A/A,A/A,A/G,A/A,A/A,A/G,A/A,A/G,A/G,A/G,A/G,G/G,A/A,A/A,A/A,A/A,A/A,A/A,A/A,A/G,A/G,A/A,A/A,A/A,A/A,A/A,A/A,A/A,A/G,A/A,A/A,A/A,A/A,A/A,A/A,A/A,A/A,A/G,A/G,A/A,A/A,A/A,A/A,A/A,A/G,A/A,A/A,A/A,A/A,A/A,A/A,A/G,A/A,A/G,A/A,A/A,A/A,A/A,A/A,A/A,A/A,A/A,A/G,G/G,A/A,A/A,A/A,A/A,A/A,A/A,A/A,A/A,A/A,A/G,A/A,A/A,A/A,A/A,A/A,A/A,A/A,A/G,A/A,A/A,A/G,A/A,A/A,A/A,A/G,A/A,A/G
chr7,28132967,rs917115,T,C,158680,PASS,C/C,C/C,C/C,C/C,C/C,C/C,C/C,C/C,C/C,C/C,C/C,C/C,C/C,C/C,C/C,C/C,C/C,C/C,C/C,C/C,C/C,T/C,C/C,C/C,C/C,C/C,C/C,C/C,C/C,C/C,C/C,C/C,C/C,C/C,C/C,C/C,T/C,C/C,C/C,C/C,C/C,C/C,C/C,C/C,C/C,C/C,C/C,C/C,C/C,C/C,C/C,C/C,C/C,C/C,C/C,C/C,C/C,C/C,T/C,C/C,C/C,C/C,C/C,C/C,C/C,C/C,C/C,C/C,C/C,C/C,C/C,C/C,C/C,C/C,C/C,C/C,C/C,C/C,C/C,C/C,C/C,C/C,C/C,C/C,C/C,C/C,C/C,C/C,C/C,C/C,T/C,C/C,C/C,C/C,C/C,.,C/C,C/C,C/C,C/C,C/C,.,T/C,C/C,C/C,C/C,C/C,C/C,.,C/C,C/C,C/C,C/C,C/C,C/C,C/C,C/C,T/C,C/C,C/C,C/C,C/C,C/C,C/C,C/C,C/C,C/C,C/C,C/C,C/C,C/C,C/C,C/C,C/C,C/C,C/C,C/C,C/C,C/C,C/C,C/C,C/C,C/C,C/C,C/C,C/C,C/C,C/C,C/C,C/C,C/C,C/C,C/C,C/C,C/C,C/C,C/C,C/C,C/C,C/C,C/C,C/C,C/C,C/C,C/C,C/C,T/C,T/C,C/C,C/C,C/C,C/C,C/C,C/C,C/C,C/C,C/C,C/C,C/C,C/C,C/C,C/C,C/C,C/C,C/C,C/C,C/C,C/C,C/C,T/C,C/C,C/C,C/C,C/C,C/C,C/C,C/C,C/C,C/C,C/C,C/C,T/C,C/C,C/C,C/C,C/C,C/C,C/C,C/C,C/C,C/C,C/C,C/C,C/C,C/C,C/C,C/C,C/C,C/C,C/C,C/C,C/C,C/C,C/C,C/C,C/C,C/C,C/C,C/C,C/C,C/C,C/C,C/C,C/C,C/C,C/C,C/C,T/C,C/C,T/C,C/C,C/C,C/C,C/C,C/C,C/C,T/C,C/C
chr8,32039076,rs1462906,T,C,153325,PASS,C/C,C/C,C/C,C/C,C/C,C/C,C/C,C/C,C/C,C/C,C/C,C/C,C/C,C/C,C/C,C/C,C/C,C/C,C/C,C/C,C/C,C/C,C/C,C/C,C/C,C/C,C/C,C/C,C/C,C/C,C/C,C/C,C/C,C/C,C/C,C/C,C/C,C/C,C/C,C/C,C/C,C/C,C/C,C/C,C/C,C/C,C/C,C/C,C/C,C/C,C/C,C/C,C/C,C/C,C/C,C/C,C/C,C/C,C/C,C/C,C/C,C/C,C/C,C/C,C/C,C/C,C/C,C/C,C/C,C/C,C/C,C/C,C/C,C/C,C/C,C/C,C/C,C/C,C/C,C/C,C/C,C/C,C/C,C/C,C/C,C/C,C/C,C/C,T/C,C/C,C/C,C/C,C/C,C/C,C/C,C/C,C/C,C/C,C/C,C/C,C/C,.,T/C,.,C/C,C/C,C/C,C/C,C/C,C/C,C/C,C/C,T/C,C/C,C/C,C/C,C/C,C/C,T/C,C/C,C/C,C/C,C/C,C/C,C/C,C/C,C/C,C/C,C/C,C/C,C/C,.,T/C,C/C,T/T,C/C,C/C,C/C,C/C,C/C,C/C,C/C,C/C,C/C,C/C,C/C,C/C,C/C,C/C,C/C,C/C,C/C,C/C,C/C,C/C,C/C,C/C,C/C,C/C,C/C,C/C,C/C,C/C,C/C,C/C,C/C,C/C,C/C,C/C,C/C,C/C,C/C,C/C,C/C,C/C,C/C,C/C,C/C,C/C,C/C,C/C,C/C,C/C,C/C,C/C,C/C,C/C,C/C,T/C,C/C,C/C,C/C,C/C,C/C,C/C,C/C,C/C,C/C,C/C,T/C,C/C,C/C,C|C,C/C,C/C,C/C,C/C,C/C,C/C,C/C,C/C,C/C,C/C,C/C,C/C,C/C,C/C,C/C,C/C,C/C,C/C,C/C,C/C,C/C,C/C,C/C,C/C,C/C,C/C,C/C,C/C,C/C,C/C,C/C,C/C,C/C,C/C,C/C,C/C,C/C,C/C,C/C,C/C,C/C,C/C,C/C,C/C,C/C
chr8,109590088,rs6990312,G,T,24493.4,PASS,G/G,G/G,G/G,G/G,G/G,G/G,G/G,G/G,G/G,G/G,G/G,G/G,G/G,G/G,G/G,G/G,G/G,G/G,G/G,G/G,G/G,G/G,G/G,G/G,G/G,G/G,G/G,G/G,G/G,G/G,G/G,G/G,G/G,G/G,G/G,G/G,G/G,G/G,G/G,G/G,G/G,G/G,G/G,G/G,G/G,G/G,G/G,G/G,G/G,G/G,G/G,G/G,G/G,G/G,G/G,G/G,G/G,G/G,G/G,G/G,G/G,G/G,G/G,G/G,G/G,G/G,G/G,G/G,G/G,G/G,G/G,G/G,G/G,G/G,G/G,G/G,G/G,G/G,G/G,G/G,G/G,G/G,G/G,G/G,G/G,G/G,G/G,G/G,G/T,G/G,G/G,G/G,G/G,G/G,G/G,G/G,G/G,G/G,G/G,G/G,G/G,G/G,G/G,G/G,G/G,G/G,G/G,G/T,G/G,G/G,G/G,G/G,T/T,G/G,G/T,G/G,G/G,G/G,G/G,G/T,G/G,G/G,G/T,G/G,G/G,G/G,G/G,G/G,G/G,G/G,G/G,G/G,G/G,G/G,G/G,G/G,G/G,G/G,G/G,G/G,G/G,G/G,G/G,G/G,G/G,G/G,G/T,G/T,G/G,G/G,G/G,G/G,G/G,G/T,G/G,G/T,G/T,G/T,G/G,G/T,G/G,G/G,G/G,G/G,G/G,G/G,G/G,G/G,G/T,G/G,G/T,G/G,T/T,T/T,T/T,T/T,G/G,G/G,G/G,G/T,G/T,G/G,G/G,G/G,G/G,G/G,G/G,T/T,G/G,G/G,G/G,G/G,G/G,G/G,G/G,G/T,G/T,G/T,G/G,G/G,G/G,G/T,G/T,G/G,G/G,T/T,T/T,G/T,G/T,G/T,G/G,G/G,G/T,T/T,G/G,G/G,G/G,G/G,G/G,G/G,G/G,G/G,G/G,G/G,G/G,T/T,G/G,G/T,G/T,G/G,G/T,G/T,G/T,G/T,T/T,G/G,G/T,G/G,G/T,G/G,T/T,G/G,T/T,G/G,G/G,G/T,T/T,G/T
chr8,121112062,rs2196051,A,G,156045,PASS,G/G,G/G,G/G,G/G,G/G,G/G,G/G,G/G,G/G,G/G,G/G,G/G,G/G,G/G,G/G,G/G,G/G,G/G,G/G,G/G,G/G,G/G,G/G,G/G,G/G,G/G,G/G,G/G,G/G,G/G,G/G,G/G,G/G,G/G,G/G,G/G,G/G,G/G,G/G,G/G,G/G,G/G,G/G,G/G,G/G,G/G,G/G,G/G,G/G,G/G,G/G,G/G,G/G,G/G,G/G,G/G,G/G,G/G,G/G,G/G,G/G,G/G,G/G,G/G,G/G,G/G,G/G,G/G,G/G,G/G,G/G,G/G,G/G,G/G,G/G,G/G,G/G,A/A,G/G,A/G,A/G,G/G,G/G,G/G,A/G,G/G,G/G,G/G,G/G,G/G,G/G,G/G,G/G,G/G,G/G,G/G,A/G,G/G,G/G,G/G,G/G,G/G,G/G,G/G,G/G,G/G,G/G,G/G,.,G/G,G/G,G/G,G/G,G/G,G/G,G/G,G/G,G/G,G/G,G/G,G/G,A/G,G/G,G/G,G/G,G/G,G/G,G/G,G/G,G/G,G/G,G/G,G/G,G/G,G/G,G/G,G/G,G/G,G/G,G/G,G/G,G/G,G/G,G/G,G/G,G/G,G/G,G/G,G/G,G/G,G/G,G/G,G/G,G/G,G/G,G/G,A/G,G/G,G/G,G/G,G/G,G/G,G/G,G/G,G/G,A/G,G/G,G/G,G/G,G/G,G/G,G/G,G/G,G/G,G/G,G/G,G/G,G/G,G/G,G/G,G/G,G/G,G/G,G/G,G/G,G/G,G/G,G/G,G/G,G/G,G/G,G/G,G/G,G/G,G/G,G/G,G/G,G/G,G/G,G/G,G/G,G/G,G/G,G/G,A/G,G/G,G/G,G/G,G/G,G/G,G/G,G/G,G/G,G/G,G/G,G/G,G/G,G/G,G/G,G/G,G/G,G/G,G/G,G/G,G/G,G/G,G/G,G/G,G/G,G/G,A/G,G/G,G/G,G/G,G/G,G/G,G/G,A/G,G/G,G/G,G/G,G/G,A/G,G/G,A/G,G/G,G/G,G/G
chr9,124505410,rs3814134,A,G,34339.2,PASS,G/G,A/G,A/A,A/A,A/A,A/G,A/G,A/G,A/G,A/A,A/A,A/G,A/A,A/G,A/A,A/A,A/A,A/G,G/G,A/G,A/A,A/A,A/A,A/G,A/A,A/G,A/A,A/G,G/G,A/A,G/G,G/G,G/G,G/G,A/G,G/G,A/A,A/G,A/A,A/A,A/A,A/A,A/A,A/A,A/A,A/A,A/G,A/A,A/G,A/A,A/G,A/A,G/G,G/G,A/A,G/G,G/G,A/A,A/G,A/A,A/G,A/G,G/G,A/A,A/G,A/G,G/G,A/G,A/G,G/G,A/A,A/G,A/A,A/A,G/G,A/G,G/G,A/A,A/A,A/G,A/A,A/A,A/A,A/A,G/G,A/A,A/G,A/G,A/G,A/G,A/A,A/A,A/A,A/A,A/A,A/A,A/G,A/A,A/G,G/G,A/G,.,A/A,.,A/G,A/G,A/G,A/A,A/A,A/A,A/A,A/A,G/G,A/A,A/G,A/A,A/G,A/G,G/G,A/G,A/G,.,.,.,.,.,.,.,A/G,.,A/G,A/A,A/A,A/A,A/A,A/G,A/A,A/G,A/A,A/A,A/G,A/G,A/G,A/G,A/G,A/G,A/G,G/G,G/G,G/G,A/A,A/G,A/A,A/A,A/G,A/G,A/A,A/A,A/A,A/G,A/G,A/G,A/G,G/G,A/A,A/G,A/A,A/A,A/A,A/A,A/A,A/A,A/G,A/G,A/G,A/A,A/A,A/A,A/A,A/G,A/A,A/A,A/A,A/A,A/G,G/G,A/A,G/G,A/A,A/G,A/A,A/A,A/G,A/G,A/A,A/A,A/A,A/A,A/G,A/G,A/A,A/A,A/A,A/G,A/A,A/G,A/A,A/G,A/G,A/A,A/A,A/A,A/A,A/G,A/A,G/G,A/G,A/A,A/G,A/A,A|G,A/A,A/G,A/A,A/G,A/A,A/G,A/G,A/A,G/G,A/G,A/A,A/G,A/A,A/A,A/G,A/G,A/A,A/A,A/A,A/G,A/G,A/G,A/A,A/G,A/A,A/G,A/A
chr10,93161308,rs4918664,A,G,122728,PASS,G/G,G/G,G/G,G/G,G/G,G/G,G/G,G/G,G/G,G/G,G/G,G/G,G/G,G/G,A/G,G/G,G/G,A/G,G/G,G/G,G/G,A/G,G/G,G/G,G/G,G/G,G/G,G/G,G/G,G/G,G/G,G/G,A/G,A/G,A/G,A/A,G/G,A/A,G/G,G/G,G/G,A/G,G/G,G/G,G/G,G/G,G/G,G/G,G/G,G/G,G/G,A/G,A/G,A/G,G/G,G/G,G/G,G/G,G/G,G/G,G/G,G/G,G/G,G/G,G/G,G/G,G/G,G/G,G/G,G/G,G/G,G/G,G/G,G/G,G/G,G/G,G/G,G/G,A/G,A/G,A/G,G/G,G/G,G/G,G/G,G/G,G/G,G/G,A/G,G/G,G/G,G/G,A/G,G/G,G/G,G/G,.,A/G,G/G,A/G,G/G,A/A,A/G,A/G,A/G,G/G,G/G,G/G,.,.,A/G,A/G,G/G,A/G,A/G,A/G,A/G,A/A,G/G,G/G,G/G,.,.,.,.,.,.,.,A/G,.,G/G,G/G,A/G,G/G,A/G,A/G,G/G,G/G,A/G,G/G,A/A,A/G,A/G,G/G,G/G,A/G,A/G,G/G,A/G,G/G,A/G,A/G,G/G,G/G,A/G,G/G,A/G,G/G,A/G,G/G,A/G,A/G,G/G,G/G,G/G,A/G,G/G,G/G,G/G,A/G,A/G,A/G,A/G,A/G,A/G,A/A,G/G,A/G,A/G,G/G,G/G,A/A,G/G,G/G,G/G,G/G,G/G,G/G,G/G,G/G,G/G,G/G,A/G,A/G,G/G,G/G,A/G,G/G,G/G,G/G,A/G,G/G,A/G,G/G,A/G,A/G,A/G,A/G,A/A,G/G,A/A,A/G,A/G,A/G,G/G,G/G,G/G,G/G,G/G,A/G,G/G,G/G,G/G,G/G,G/G,A/G,A/A,G/G,G/G,A/G,A/G,A/A,A/G,A/A,A/G,A/G,A/G,A/G,A/A,G/G,G/G,G/G,A/A,A/G,G/G,G/G,A/G,A/G
chr11,61829740,rs174570,C,T,151962,PASS,T/T,C/T,C/T,C/T,T/T,C/T,T/T,T/T,T/T,T/T,C/T,C/T,C/T,T/T,T/T,T/T,C/C,T/T,T/T,T/T,T/T,T/T,T/T,T/T,C/T,C/C,C/C,C/T,T/T,T/T,T/T,T/T,T/T,T/T,C/T,C/T,C/C,C/T,T/T,C/T,T/T,T/T,T/T,T/T,T/T,T/T,T/T,T/T,T/T,T/T,T/T,T/T,C/T,C/T,T/T,T/T,C/T,T/T,C/T,C/T,C/T,C/T,C/T,C/T,T/T,T/T,T/T,T/T,T/T,T/T,C/T,C/T,T/T,T/T,C/T,T/T,C/T,T/T,T/T,C/T,T/T,C/C,T/T,C/T,T/T,C/C,T/T,C/T,C/T,T/T,T/T,C/T,T/T,C/T,T/T,T/T,C/C,T/T,T/T,T/T,T/T,.,T/T,.,C/T,C/T,C/C,T/T,.,T/T,T/T,T/T,C/T,T/T,T/T,T/T,T/T,T/T,T/T,T/T,T/T,.,.,.,.,.,.,.,T/T,.,T/T,T/T,T/T,T/T,T/T,T/T,T/T,T/T,T/T,T/T,T/T,T/T,T/T,T/T,T/T,T/T,T/T,C/T,T/T,T/T,T/T,C/T,C/T,T/T,C/T,T/T,T/T,T/T,T/T,C/T,C/T,C/C,C/T,T/T,T/T,T/T,T/T,C/T,T/T,T/T,T/T,T/T,T/T,T/T,T/T,T/T,C/T,T/T,T/T,T/T,C/T,T/T,T/T,C/T,C/T,T/T,C/T,T/T,T/T,T/T,T/T,T/T,T/T,T/T,T/T,T/T,T/T,T/T,T/T,C/T,T/T,T/T,T/T,T/T,C/T,T/T,C/T,T/T,T/T,T/T,C/T,T/T,T/T,C/T,C/C,T/T,T/T,C/T,C/T,T/T,T/T,T/T,T/T,T/T,T/T,C/C,C/T,C/T,T/T,T/T,T/T,T/T,T/T,T/T,C/C,T/T,C/T,C/C,T/T,C/T,T/T,C/T,T/T,T/T,T/T,T/T,C/T,C/T
chr11,113425564,rs1079597,C,T,78559,PASS,C/C,T/T,C/T,T/T,C/T,C/C,C/T,C/C,C/T,T/T,C/C,C/T,C/C,T/T,C/T,C/T,C/C,C/C,C/C,C/C,C/T,C/T,C/C,C/C,C/C,C/T,C/T,C/C,C/C,C/T,C/T,C/C,C/C,C/C,C/T,C/C,C/T,C/C,T/T,C/C,C/T,C/C,C/C,C/T,C/T,T/T,T/T,C/C,T/T,C/T,C/T,T/T,C/T,C/T,C/C,C/T,C/T,C/C,C/T,C/T,C/C,C/T,C/C,C/C,C/C,C/C,T/T,C/T,T/T,C/C,C/T,C/C,T/T,C/T,C/T,C/C,C/T,C/C,T/T,C/T,T/T,C/T,C/C,C/C,C/C,C/C,C/T,C/C,C/T,C/T,C/T,C/T,C/T,C/C,C/C,C/T,C/C,C/C,C/C,C/T,C/C,C/C,C/C,C/C,T/T,C/T,T/T,C/T,C/C,C/C,C/T,T|T,T/T,C/C,C|T,C/C,C/C,C/T,T/T,C/T,T/T,.,.,.,.,.,.,.,C/T,.,C/T,T/T,C/T,C/T,C/C,T/T,T/T,C/T,C/T,C/C,T/T,T/T,C/C,C/T,C/T,C/C,C/T,C/T,C/C,C/T,C/T,C/T,C/T,C/C,C/C,C/T,C/C,C/T,C/C,T/T,T/T,C/T,C/C,C/T,C/T,C/T,C/T,C/C,C/T,T/T,C/T,C/C,C/T,T/T,C/T,C/C,C/C,C/C,T/T,C/C,C/T,C/C,C/C,C/T,C/C,C/T,T/T,C/T,C/T,C/T,C/C,C/C,C/C,C/C,T/T,C/T,C/T,C/T,C/T,C/T,T/T,C/T,T/T,C/T,C/C,T/T,T/T,C/T,C/C,T/T,T/T,T/T,C/T,T/T,C/C,C/T,T/T,C/T,C/T,C/T,C/T,T/T,T/T,C/T,T/T,T/T,C/T,T/T,T/T,C/T,C/C,C/T,C/T,C/T,C/T,T/T,C/T,C/T,C/T,C/C,T/T,T/T,C/T,C/C,C/T,C/T,C/C,C/T
chr12,111774029,rs2238151,T,C,166503,PASS,C/C,C/C,C/C,C/C,C/C,C/C,C/C,C/C,C/C,C/C,C/C,C/C,C/C,C/C,C/C,C/C,C/C,C/C,C/C,C/C,C/C,C/C,C/C,C/C,C/C,C/C,C/C,C/C,C/C,C/C,C/C,C/C,C/C,C/C,C/C,C/C,T/T,C/C,C/C,C/C,C/C,C/C,C|C,C/C,C|C,C/C,C/C,C/C,C/C,C/C,C/C,C/C,C/C,C/C,C/C,C/C,C/C,C/C,C/C,C/C,C/C,C/C,C/C,C/C,C/C,C/C,C/C,C/C,C/C,C/C,C/C,C/C,C/C,C/C,C/C,C/C,C/C,C/C,C/C,C/C,C/C,C/C,C/C,C/C,C/C,C/C,C/C,C/C,C/C,C/C,C/C,C/C,C/C,C/C,C/C,C/C,C/C,.,C/C,C/C,C/C,C/C,C/C,C/C,C/C,C/C,C/C,C/C,.,C/C,C/C,C/C,C/C,C/C,T/C,T/C,C/C,C/C,C/C,C/C,C/C,C/C,.,.,T/C,.,.,.,T/C,.,T/C,C/C,C/C,C/C,C/C,C/C,C/C,C/C,C/C,C/C,C/C,C/C,C/C,T/C,C/C,C/C,C/C,C/C,T/C,T/C,C/C,C/C,T/C,C/C,C/C,C/C,C/C,C/C,C/C,C/C,C/C,C/C,C/C,C/C,C/C,T/C,C/C,C/C,T/C,T/C,C/C,C/C,C/C,C/C,T/C,C/C,C/C,C/C,C/C,C/C,C/C,C/C,C/C,C/C,C/C,C/C,C/C,C/C,C/C,C/C,C/C,C/C,C/C,C/C,C/C,C/C,C/C,C/C,T/C,T/C,T/T,C|C,C/C,C/C,C/C,C/C,C/C,C/C,C/C,C/C,T/C,C/C,C/C,C/C,C/C,C/C,C/C,C/C,C/C,T/C,C/C,C/C,C/C,C/C,C/C,C/C,T/C,C/C,C/C,C/C,C/C,C/C,C/C,T/C,C/C,C/C,C/C,C/C,C/C,C/C,C/C,C/C,C/C,C/C,C/C,C/C,C/C,C/C
chr12,111803962,rs671,G,A,148.78,PASS,G/G,G/G,G/G,G/G,G/G,G/G,G/G,G/G,G/G,G/G,G/G,G/G,G/G,G/G,G/G,G/G,G/G,G/G,G/G,G/G,G/G,G/G,G/G,G/G,G/G,G/G,G/G,G/G,G/G,G/G,G/G,G/G,G/G,G/G,G/G,G/G,G/G,G/G,G/G,G/G,G/G,G/G,G/G,G/G,G/G,G/G,G/G,G/G,G/G,G/G,G/G,G/G,G/G,G/G,G/G,G/G,G/G,G/G,G/G,G/G,G/G,G/G,G/G,G/G,G/G,G/G,G/G,G/G,G/G,G/G,G/G,G/G,G/G,G/G,G/G,G/G,G/G,G/G,G/G,G/G,G/G,G/G,G/G,G/G,G/G,G/A,G/G,G/G,G/G,G/A,G/G,G/G,G/G,G/G,G/G,G/G,G/G,G/G,G/G,G/G,G/G,.,G/G,G/G,G/G,G/G,G/G,G/G,.,G/G,G/G,G/A,G/G,G/G,G/G,G/G,G/G,G/G,G/G,G/G,G/G,.,.,.,.,.,.,.,G/G,.,G/G,G/G,G/G,G/G,G/G,G/G,G/G,G/G,G/G,G/G,G/G,G/G,G/G,G/G,G/G,G/G,G/G,G/G,G/G,G/G,G/G,G/G,G/G,G/G,G/G,G/G,G/G,G/G,G/G,G/G,G/G,G/G,G/G,G/G,G/G,G/G,G/G,G/G,G/G,G/G,G/G,G/G,G/G,G/G,G/G,G/G,G/G,G/G,G/G,G/G,G/G,G/G,G/G,G/G,G/G,G/G,G/G,G/G,G/G,G/G,G/G,G/G,G/G,G/G,G/G,G/G,G/G,G/G,G/G,G/G,G/G,G/G,G/G,G/G,G/G,G/G,G/G,G/G,G/G,G/G,G/G,G/G,G/G,G/G,G/G,G/G,G/G,G/G,G/G,G/G,G/G,G/G,G/G,G/G,G/G,G/G,G/G,G/G,G/G,G/G,G/G,G/G,G/G,G/G,G/G,G/G,G/G,G/G,G/G,G/G,G/G,G/G,G/G,G/G,G/G,G/G,G/G,G/G
chr13,34273600,rs7997709,C,T,67437.5,PASS,C/C,C/C,C/C,C/T,C/C,C/T,C/T,C/T,C/C,C/T,C/C,T/T,T/T,C/T,C/C,C/T,T/T,C/C,T/T,C/T,C/C,T/T,C/C,C/C,C/T,C/C,C/C,C/T,C/C,C/T,C/C,C/C,C/T,C/C,C/C,C/C,C/C,C/C,C/C,C/C,C/C,C/T,C/T,C/T,C/C,C/C,C/C,C/T,C/T,C/C,C/T,C/C,C/C,C/C,C/T,C/T,C/C,T/T,C/C,C/T,C/T,C/C,C/T,C/T,C/T,T/T,C/T,C/C,C/C,C/T,C/T,C/T,C/C,C/C,C/C,C/C,C/C,C/T,C/T,C/C,C/T,C/C,C/C,C/C,T/T,C/C,T/T,C/C,C/C,C/C,C/C,C/C,T/T,T/T,C/C,C/C,C/C,C/T,C/T,C/T,T/T,C/C,C/T,C/C,T/T,C/T,T/T,T/T,C/C,C/T,C/T,C/C,C/C,C/C,C/T,C/T,C/T,T/T,T/T,C/C,.,C/C,T/T,C/C,T/T,T/T,C/C,C/T,C/T,C/T,C/C,T/T,C/T,C/T,C/T,T/T,C/C,C/T,T/T,C/C,C/C,C/T,C/T,T/T,C/T,C/T,C/C,C/T,T/T,C/T,C/T,C/C,C/T,C/C,C/T,C/T,C/T,C/T,C/C,C/T,C/C,C/T,C/C,C/C,C/C,C/C,C/C,C/C,C/T,C/C,T/T,C/T,C/T,C/T,C/T,C/T,C/C,C/T,C/C,T/T,C/T,C/C,C/T,C/T,C/C,C/T,C/T,C/C,C/T,T/T,C/T,C/C,T/T,T/T,T/T,C/T,C/T,T/T,C/C,C/T,C/C,C/T,T/T,C/T,T/T,C/T,T/T,T/T,C/T,C/C,C/T,T/T,C/T,T/T,C/T,C/T,C/C,C/T,C/T,C/C,C/C,C/C,C/T,C/C,C/C,T/T,C/T,C/T,C/T,C/C,C/T,C/T,C/T,C/T,T/T,T/T,T/T,C/T,C/T,T/T,T/T,T/T,C/T,C/C,C/T,T/T,C/T,C/T
chr13,41141146,rs1572018,T,C,50320.3,PASS,T/C,T/T,T/T,T/T,T/C,C/C,T/C,T/C,T/T,T/C,C/C,T/C,T/C,T/T,C/C,T/T,T/C,C/C,T/T,T/T,T/C,T/C,T/C,T/C,T/T,T/T,T/T,C/C,T/T,T/C,C/C,C/C,T/T,T/C,T/C,T/C,T/C,C/C,T/T,T/C,T/T,T/T,T/T,T/C,T/C,C/C,T/C,T/T,C/C,C/C,T/T,T/T,T/T,T/T,T/T,T/C,T/T,T/T,T/C,C/C,C/C,T/T,T/C,T/T,T/T,T/T,C/C,T/C,T/T,C/C,C/C,C/C,T/C,T/C,T/C,T/C,T/C,T/C,C/C,T/C,T/T,T/C,T/C,T/C,T/C,T/T,T/C,T/C,T/T,T/T,T/T,C/C,T/T,T/T,T/T,C/C,T/C,T/T,T/C,T/C,T/C,T/C,T/T,T/T,T/T,T/T,T/T,T/C,T/T,T/T,T/C,T/T,T/C,T/T,T/C,T/C,T/T,T/T,C/C,T/C,T/C,T/C,T/T,T/T,T/C,T/T,T/T,T/C,T/T,C/C,T/C,.,T/T,T/T,T/C,T/C,T/T,T/T,T/T,T/T,C/C,T/T,T/C,T/T,T/C,T/T,T/C,T/C,T/C,T/T,T/C,T/T,T/T,C/C,T/T,T/C,T/C,T/T,T/T,T/C,T/T,T/T,T/T,T/T,T/C,T/C,T/C,T/C,C/C,T/T,T/T,T/C,T/C,T/C,T/C,T/T,T/T,T/C,T/C,T/T,T/C,C/C,T/C,T/T,T/C,T/C,T/T,T/C,T/C,T/C,T/C,T/C,T/C,T/T,T/C,C/C,T/C,T/C,T/T,T/C,T/C,T/T,T/C,T/T,C/C,C/C,C/C,C/C,C/C,T/T,C/C,T/T,T/T,C/C,T/T,T/C,T/C,T/C,T/C,T/C,T/C,T/C,T/T,T/C,T/T,T/C,C/C,T/T,C/C,T/C,T/C,T/T,T/T,T/C,T/C,T/T,T/C,T/T,T/T,T/T,T/C,T/C,T/T,T/T,T/T,T/C,T/T,T/C
chr13,42005849,rs2166624,G,A,24442.4,PASS,G/G,G/G,G/G,G/G,G/G,G/G,G/G,G/G,G/G,G/G,G/A,G/A,G/G,G/G,G/A,G/G,G/G,G/A,G/G,A/A,G/G,G/G,G/G,G/A,G/G,G/G,G/G,G/G,G/G,G/G,G/G,G/G,G/G,G/G,G/G,G/A,G/A,G/A,G/A,G/G,G/A,G/G,G/A,G/A,G/G,G/A,G/G,G/G,G/G,G/A,G/G,G/G,G/G,G/G,G/G,G/G,G/G,G/G,G/A,G/G,G/A,G/G,G/A,G/G,G/G,G/G,G/G,G/G,G/G,G/G,G/G,G/G,G/G,G/G,G/G,G/G,G/G,G/A,G/A,G/A,G/A,A/A,A/A,A/A,G/A,A/A,G/A,G/A,G/A,G/G,G/A,G/A,G/G,G/A,G/G,A/A,G/G,G/G,G/A,G/A,.,G/G,G/A,.,G/G,G/A,G/A,G/G,G/G,G/G,G/A,G/G,G/G,G/A,G/A,G/G,G/G,A/A,G/G,G/A,G/G,G/A,G/G,G/A,G/G,G/G,G/G,G/G,G/G,A/A,G/G,G/G,G/G,G/A,G/G,A/A,G/G,G/A,G/A,G/G,G/G,G/A,G/G,G|A,G/G,G/G,G/G,G/G,G/A,G/G,G/G,G/A,G/G,G/G,G/G,G/A,G/G,G/A,G/G,G/G,G/A,G/A,G/G,G/G,G/G,G/G,G/G,G/A,G/G,G/G,G/A,A/A,G/A,A/A,G/G,G/G,G/G,A/A,G/G,G/G,G/G,G/A,G/G,G/G,G/G,G/A,G/G,G/G,G/G,G/G,G/G,G/G,G/G,G/G,G/G,G/G,G/G,G/G,G/G,G/G,G/A,G/G,G/G,G/A,G/A,G/G,G/G,G/G,G/G,G/A,G/G,G/G,G/A,G/G,G/G,G/G,G/G,G/G,G/A,G/G,G/G,G/G,G/G,G/G,G/G,G/G,G/A,G/G,G/G,G/G,G/G,G/G,G/G,G/A,G/G,G/G,G/G,G/G,G/A,G/G,G/G,G/G,G/G,G/G,G/G,G/G,G/A,G/A
chr13,48496376,rs7326934,G,C,3536.1,PASS,G/G,G/G,G/G,G/G,G/G,G/G,G/G,G/G,G/G,G/G,G/G,G/G,G/G,G/G,G/G,G/G,G/G,G/G,G/G,G/G,G/G,G/G,G/G,G/G,G/G,G/G,G/G,G/G,G/G,G/G,G/G,G/G,G/G,G/G,G/G,G/G,G/G,G/G,G/G,G/G,G/G,G/G,G/G,G/G,G/G,G/G,G/G,G/G,G/G,G/G,G/G,G/G,G/G,G/G,G/G,G/G,G/G,G/G,G/G,G/G,G/G,G/G,G/G,G/G,G/G,G/G,G/G,G/G,G/G,G/G,G/G,G/G,G/G,G/G,G/G,G/G,G/G,G/G,G/G,G/G,G/G,G/G,G/G,G/G,G/G,G/G,G/G,G/G,G/G,G/G,G/G,G/G,G/G,G/G,G/G,G/G,G/G,G/G,G/G,G/G,G/G,.,G/G,.,G/G,G/G,G/G,G/G,G/G,G/G,G/G,G/G,G/G,G/G,G/C,G/G,G/G,G/G,G/G,G/G,G/G,G/G,G/G,G/G,G/G,G/G,G/G,.,G/G,.,G/C,.,G/G,G/G,G/G,G/G,G/G,G/G,G/G,G/C,G/G,G/G,G/G,G/G,G/G,G/G,G/C,G/C,G/G,G/G,G/C,G/G,G/C,G/G,G/G,G/G,G/G,G/G,G/G,G/G,G/G,G/G,G/G,G/G,G/G,G/G,G/G,G/G,G/G,G/G,G/G,G/G,G/G,G/G,G/G,G/G,G/G,G/G,G/G,G/G,G/G,G/G,G/G,G/G,G/G,G/G,G/G,G/G,G/G,G/G,G/G,G/G,G/G,G/G,G/C,G/G,G/G,G/G,G/G,G/C,G/G,G/G,G/C,G/G,G/G,G/G,G/G,G/G,G/G,G/G,G/G,G/G,G/G,G/G,G/G,G/G,G/G,G/G,G/G,G/G,G/G,G/G,G/G,G/G,G/G,G/G,G/G,G/G,G/G,G/G,G/G,G/G,G/G,G/G,G/G,G/G,G/G,G/G,G/G,G/G,G/G,G/G,G/G,G/G,G/G,G/G,G/G,G/G
chr13,111174820,rs9522149,T,C,73.56,PASS,T/T,T/T,T/T,T/T,T/T,T/T,T/T,T/T,T/T,T/T,T/T,T/T,T/T,T/T,T/T,T/T,T/T,T/T,T/T,T/T,T/T,T/T,T/T,T/T,T/T,T/T,T/T,T/T,T/T,T/T,T/T,T/T,T/T,T/T,T/T,T/T,T/T,T/T,T/T,T/T,T/T,T/T,T/T,T/T,T/T,T/T,T/T,T/T,T/T,T/T,T/T,T/T,T/T,T/T,T/T,T/T,T/T,T/T,T/T,T/T,T/T,T/T,T/T,T/T,T/T,T/T,T/T,T/T,T/T,T/T,T/T,T/T,T/T,T/T,T/T,T/T,T/T,T/T,T/T,T/T,T/T,T/T,T/T,T/T,T/T,T/T,T/T,T/T,T/T,T/T,T/T,.,T/T,T/T,T/T,T/T,C/C,T/T,T/T,T/T,T/T,.,T/T,T/T,T/T,T/T,T/T,T/T,T/T,T/T,T/T,T/T,T/T,T/T,T/T,T/T,T/T,T/T,T/T,T/T,T/T,.,.,.,.,.,.,.,T/T,.,T/T,T/T,T/T,T/T,T/T,T/T,T/T,T/T,T/T,T/T,T/T,T/T,T/T,T/T,T/T,T/T,T/T,T/T,T/T,T/T,T/T,T/T,T/T,T/T,T/T,T/T,T/T,T/T,T/T,T/T,T/T,T/T,T/T,T/T,T/T,T/T,T/T,T/T,T/T,T/T,T/T,T/T,T/T,T/T,T/T,T/T,T/T,T/T,T/T,T/T,T/T,T/T,T/T,T/T,T/T,T/T,T/T,T/T,T/T,T/T,T/T,T/T,T/T,T/T,T/T,T/T,T/T,T/T,T/T,T/T,T/T,T/T,T/T,T/T,T/T,T/T,T/T,T/T,T/T,T/T,T/T,T/T,T/T,T/T,T/T,T/T,T/T,T/T,T/T,T/T,T/T,T/T,T/T,T/T,T/T,T/T,T/T,T/T,T/T,T/T,T/T,T/T,T/T,T/T,T/T,T/T,T/T,T/T,T/T,T/T,T/T,T/T,T/T,T/T,T/T,T/T,T/T,T/T
chr14,98908984,rs200354,G,T,115120,PASS,G/T,T/T,G/T,T/T,T/T,G/T,G/G,G/T,T/T,T|T,T/T,T/T,G/T,T|T,T/T,G/T,T|T,G/T,T/T,G/T,G/T,T/T,T/T,G/T,T/T,G/G,G/T,T|T,G/T,T/T,T/T,T/T,G/T,G/T,G/T,T/T,T/T,G/G,G/T,T/T,T/T,T/T,T/T,T/T,G/T,G/T,G/G,G/T,T/T,G/G,G/T,G/G,G/T,G/T,T/T,G/G,T/T,G/G,T/T,G/T,G/G,G/T,T/T,G/T,G/T,G/T,G/T,G/T,T/T,G/G,T/T,G/T,G/G,G/T,T/T,G/G,T/T,T/T,T|T,G/G,T/T,G|T,T/T,G/T,T/T,T|T,T|T,T|T,T/T,T|T,T/T,T/T,T/T,T|T,G/T,T/T,T|T,G/G,G/T,T/T,G/T,T/T,T/T,T|T,G|T,T|T,G|T,T/T,T/T,T/T,T/T,T/T,G/T,T/T,G/T,T|T,T/T,G|T,T|T,G/T,G|T,.,.,.,.,.,.,.,T|T,.,T/T,G|T,T|T,T|T,T|T,G/T,G/G,T/T,G/T,T|T,G/T,T/T,G/T,G/T,T/T,G/G,T/T,T/T,T/T,G/T,G/T,T/T,G/T,T|T,G/T,G/T,G/G,G/G,T/T,T|T,G/T,G/T,T/T,T/T,T/T,G/T,T/T,T/T,G/G,T/T,T/T,G/T,T|T,T/T,G/T,G/G,T|T,G/T,G/G,G/G,T/T,T/T,G|T,G/T,T/T,G/T,G/T,T/T,T/T,G/T,T|T,T/T,G/T,G/G,G/T,G/T,T|T,T/T,T|T,T/T,T/T,G/T,T/T,G/T,G/T,G/T,G/T,T/T,G/G,T/T,T/T,T/T,T/T,G/T,G/T,G/G,T/T,G/T,G/T,G/T,G/T,G/T,G/G,G/G,G/G,T/T,G/T,G/T,G/T,G/T,G|T,T/T,G/G,G/G,G|T,G/T,G/G,G/T,G/T,G/T,T/T,G|T,G|T,T/T,T/T,T|T,G/G,G|T
chr15,48134287,rs1426654,A,G,116698,PASS,G/G,G/G,G/G,G/G,G/G,G/G,G/G,G/G,G/G,G/G,G/G,G/G,G/G,G/G,G/G,G/G,G/G,G/G,G/G,G/G,G/G,G/G,G/G,G/G,G/G,G/G,G/G,G/G,G/G,G/G,G/G,G/G,G/G,G/G,G/G,G/G,G/G,G/G,G/G,G/G,G/G,G/G,G/G,G/G,G/G,G/G,G/G,G/G,G/G,G/G,G/G,G/G,G/G,G/G,G/G,G/G,G/G,G/G,G/G,G/G,G/G,G/G,G/G,G/G,G/G,G/G,G/G,G/G,G/G,G/G,G/G,G/G,G/G,G/G,G/G,G/G,G/G,G/G,G/G,G/G,G/G,G/G,A/G,A/G,G/G,G/G,G/G,G/G,G/G,G/G,G/G,G/G,G/G,G/G,G/G,G/G,G/G,G/G,A/G,G/G,G/G,G/G,G/G,G/G,A/G,G/G,G/G,G/G,.,.,G/G,G/G,G/G,G/G,G/G,G/G,G/G,G/G,G/G,G/G,G/G,A/G,G/G,G/G,G/G,G/G,G/G,G/G,G/G,G/G,G/G,G/G,G/G,G/G,G/G,G/G,G/G,G/G,G/G,G/G,G/G,G/G,G/G,G/G,G/G,G/G,G/G,G/G,G/G,G/G,G/G,G/G,G/G,G/G,G/G,G/G,G/G,G/G,G/G,G/G,G/G,G/G,G/G,G/G,G/G,G|G,G/G,G/G,G/G,G/G,G/G,G/G,G/G,G/G,G/G,G/G,G/G,G/G,G/G,G/G,G/G,G/G,G/G,G/G,G/G,G/G,G/G,G/G,G/G,G/G,G/G,G/G,G/G,G/G,G/G,G|G,G/G,G/G,G/G,G/G,G/G,G/G,G/G,G/G,G/G,G/G,G/G,G/G,G/G,G/G,G/G,G/G,G/G,G/G,G/G,G/G,G/G,G/G,G/G,G/G,G/G,G/G,G/G,G/G,G/G,G/G,G/G,G/G,G/G,G/G,G/G,G/G,G/G,G/G,G/G,G/G,G/G,G/G,G/G,G/G,G/G,G/G,G/G,G/G,G/G,G/G,G/G,G/G
chr16,89664419,rs459920,T,C,665.57,PASS,T/T,T/T,T/T,T/T,T/T,T/T,T/T,T/T,T/T,T/T,T/T,T/T,T/T,T/T,T/T,T/T,T/T,T/T,T/T,T/T,T/T,T/T,T/T,T/T,T/T,T/T,T/T,T/T,T/T,T/T,T/T,T/T,T/T,T/T,T/T,T/T,T/T,T/T,T/T,T/T,T/T,T/T,T/T,T/T,T/T,T/T,T/T,T/T,T/T,T/T,T/T,T/T,T/T,T/T,T/T,T/T,T/T,T/T,T/T,T/T,T/T,T/T,T/T,T/T,T/T,T/T,T/T,T/T,T/T,T/T,T/T,T/T,T/T,T/T,T/T,T/T,T/T,T/T,T/T,T/T,T/C,T/T,T/T,T/T,T/T,T/T,T/T,T/T,T/T,T/T,T/T,T/T,T/T,T/T,T/T,T/T,T/T,T/T,T/T,T/T,T/T,T/T,T/T,T/T,T/C,T/T,T/C,T/T,T/T,T/T,T/T,T/T,T/T,T/T,T/T,T/T,T/T,T/T,T/T,T/T,T/T,.,.,.,.,.,.,.,T/T,.,T/T,T/T,T/T,T/T,T/T,T/T,T/T,T/T,T/T,T/T,T/T,T/T,T/T,T/T,T/T,T/T,T/T,T/T,T/T,T/T,T/T,T/T,T/T,T/T,T/T,T/T,T/T,T/T,T/T,T/T,T/T,T/T,T/T,T/T,T/T,T/T,T/T,T/T,T/T,T/T,T/T,T/T,T/T,T/T,T/T,T/T,T/T,T/T,T/T,T/T,T/T,T/T,T/T,T/T,T/T,T/T,T/T,T/T,T/T,T/T,T/T,T/T,T/T,T/T,T/T,T/T,T/T,T/T,T/T,T/T,T/T,T/T,T/T,T/T,T/T,T/T,T/T,T/T,T/T,T/T,T/T,T/T,T/T,T/T,T/T,T/T,T/T,T/T,T/T,T/T,T/T,T/T,T/T,T/T,T/T,T/T,T/T,T/T,T/T,T/T,T/T,T/T,T/T,T/T,T/T,T/T,T/T,T/T,T/T,T/T,T/T,T/T,T/T,T/T,T/T,T/T,T/T,T/T
chr17,42506515,rs4411548,C,T,3719.26,PASS,C/C,C/C,C/C,C/C,C/C,C/C,C/C,C/C,C/C,C/C,C/C,C/C,C/C,C/C,C/C,C/C,C/C,C/C,C/C,C/C,C/C,C/C,C/C,C/C,C/C,C/C,C/C,C/C,C/C,C/C,C/C,C/C,C/C,C/C,C/C,C/C,C/C,C/C,C/C,C/C,C/C,C/C,C/C,C/C,C/C,C/C,C/C,C/C,C/C,C/C,C/C,C/C,C/C,C/C,C/C,C/C,C/C,C/C,C/C,C/C,C/C,C/C,C/C,C/C,C/C,C/C,C/C,C/C,C/C,C/C,C/C,C/C,C/C,C/C,C/C,C/C,C/C,C/C,C/C,C/C,C/C,C/C,C/C,C/C,C/C,C/C,C/C,C/C,C/C,C/C,C/C,C/C,C/C,C/C,C/C,C/C,C/C,C/C,C/C,C/C,C/C,C/C,C/C,C/C,C/C,C/C,C/C,C/C,C/C,C/C,C/C,C/C,C/C,C/C,C/C,C/C,C/C,C/C,C/C,C/C,C/C,.,.,.,.,.,.,.,C/C,.,C/C,C/C,C/C,C/C,C/C,C/C,C/T,C/C,C/C,C/C,C/C,C/C,C/C,C/C,C/C,C/C,C/C,C/C,C/C,C/C,C/C,C/C,C/C,C/C,C/T,C/C,C/C,C/C,C/C,C/C,C/C,C/C,C/C,C/C,C/C,C/C,C/C,C/C,C/C,C/C,C/C,C/C,C/T,C/C,C/C,C/C,C/C,C/C,C/C,C/C,C/C,C/C,C/C,C/C,C/C,C/C,C/C,C/C,C/C,C/C,C/C,C/C,C/T,C/T,C/C,C/C,C/C,C/C,C/C,C/C,C/C,C/C,C/C,C/C,C/C,C/C,C/C,C/C,C/C,C/C,C/C,C/C,C/C,C/C,C/C,C/C,C/C,C/C,C/C,C/C,C/C,C/C,C/C,C/C,C/C,C/C,C/C,C/T,C/T,C/C,C/C,C/C,C/C,C/C,C/C,C/T,C/C,C/C,C/C,C/C,C/C,C/C,C/C,C/C,C/C,C/C,C/C,C/C
chr17,42904228,rs2593595,A,G,45814.4,PASS,A/G,A/A,A/A,A/G,A/G,A/A,A/A,A/A,A/A,A/A,A/A,A/G,A/A,A/A,A/G,A/G,A/G,A/A,A/A,A/G,A/A,A/G,A/A,A/A,A/G,A/G,A/A,A/A,A/A,A/A,A/G,A/A,A/A,A/A,A/G,G/G,A/G,G/G,A/A,A/A,A/A,A/A,A/A,A/G,A/A,A/G,A/G,G/G,A/A,A/G,G/G,A/G,A/G,G/G,A/A,G/G,A/G,A/G,A/A,A/G,A/G,A/A,A/A,G/G,G/G,G/G,A/G,A/A,A/A,A/A,A/A,A/A,A/A,A/A,A/G,A/G,A/A,A/A,A/A,A/G,A/A,A/A,A/G,A/G,A/A,A/A,A/G,A/G,A/A,A/G,A/A,A/A,A/A,A/G,G/G,A/A,A/A,A/A,A/G,A/G,A/A,A/A,A/A,A/G,A/A,A/A,A/A,A/A,.,A/A,A/A,A/G,A/A,A/A,A/A,A/A,A/G,A/A,A/G,A/A,A/A,.,A/A,.,.,.,.,.,A/A,.,A/A,A/A,A/A,A/A,A/G,A/G,A/A,A/A,A/A,A/A,A/A,A/A,A/A,A/A,A/A,A/A,A/A,A/A,A/A,A/G,A/A,A/G,A/G,A/G,A/G,A/G,A/G,A/G,A/A,A/G,A/G,A/G,G/G,A/A,G/G,A/A,G/G,G/G,A/G,A/G,A/A,A/G,A/A,A/G,G/G,A/A,A/G,A/G,G/G,A/G,A/A,A/G,G/G,G/G,A/G,A/G,A/G,A/G,A/G,G/G,A/A,G/G,A/A,A/A,A/G,A/G,A/A,A/G,G/G,A/A,A/A,G/G,A/G,A/G,A/G,G/G,G/G,G/G,A/A,A/A,A/G,A/G,G/G,G/G,A/A,A/A,A/A,A/G,A/G,A/A,A/A,A/G,A/A,A/A,A/G,A/A,A/A,A/A,A/A,A/A,A/A,A/G,A/A,A/G,A/G,A/G,A/G,A/G,A/G,A/G,A/A,A/G,A/G,A/A,A/A,A/A,G/G,A/G
chr17,50648771,rs17642714,A,T,1000.84,PASS,A/A,A/A,A/A,A/A,A/A,A/A,A/A,A/A,A/A,A/A,A/A,A/A,A/A,A/A,A/A,A/A,A/A,A/A,A/A,A/A,A/A,A/A,A/A,A/A,A/A,A/A,A/A,A/A,A/A,A/A,A/A,A/A,A/A,A/A,A/A,A/A,A/A,A/A,A/A,A/A,A/A,A/A,A/A,A/A,A/A,A/A,A/A,A/A,A/A,A/A,A/A,A/A,A/A,A/A,A/A,A/A,A/A,A/A,A/A,A/A,A/A,A/A,A/A,A/A,A/A,A/A,A/A,A/A,A/A,A/A,A/A,A/A,A/A,A/A,A/A,A/A,A/A,A/A,A/A,A/A,A/A,A/A,A/A,A/A,A/A,A/A,A/A,A/A,A/A,A/A,A/A,A/A,A/A,A/A,A/A,A/A,A/A,A/A,A/A,A/A,A/A,A/A,A/A,.,A/A,A/A,A/A,A/A,A/A,A/A,A/A,A/A,A/A,A/A,A/A,A/T,A/A,A/A,A/A,A/A,A/A,.,.,.,.,A/A,.,.,A/A,.,A/A,A/A,A/A,A/A,A/A,A/A,A/A,A/A,A/A,A/A,A/A,A/A,A/A,A/A,A/A,A/A,A/A,A/A,A/A,A/A,A/A,A/A,A/A,A/A,A/A,A/T,A/A,A/A,A/A,A/A,A/A,A/A,A/A,A/A,A/A,A/A,A/A,A/A,A/A,A/A,A/A,A/A,A/A,A/A,A/A,A/A,A/A,A/A,A/A,A/A,A/A,A/A,A/A,A/A,A/A,A/A,A/A,A/A,A/A,A/A,A/A,A/A,A/A,A/A,A/A,A/A,A/A,A/A,A/A,A/A,A/A,A/A,A/A,A/A,A/A,A/A,A/A,A/A,A/A,A/A,A/A,A/A,A/A,A/A,A/A,A/A,A/A,A/A,A/A,A/A,A/A,A/A,A/A,A/A,A/A,A/A,A/A,A/A,A/A,A/A,A/A,A/A,A/A,A/A,A/A,A/A,A/A,A/A,A/A,A/A,A/A,A/A,A/A,A/A,A/T,A/A,A/A,A/A
chr17,55491523,rs4471745,G,A,40089.3,PASS,G/G,G/A,G/A,G/G,G/G,G/G,G/G,G/G,G/G,G/G,G/G,G/A,G/A,G/A,G/A,G/A,G/G,G/A,A/A,A/A,G/G,G/A,A/A,G/A,G/G,G/A,G/A,A/A,G/G,G/G,G/A,G/A,A/A,A/A,G/A,G/A,A/A,G/A,G/G,A/A,G/G,G/G,G/G,A/A,G/A,A/A,A/A,A/A,G/A,G/A,A/A,G/G,A/A,A/A,G/G,G/A,G/G,G/A,G/G,G/A,G/G,G/G,G/G,G/A,G/A,A/A,G/A,G/G,G/A,G/G,G/G,G/G,G/G,G/A,G/G,G/A,A/A,G/G,G/A,G/G,G/G,G/G,G/A,G/G,A/A,G/A,G/G,G/G,G/G,G/G,G/G,G/G,G/G,G/A,G/G,G/G,G/A,G/A,G/A,G/G,G/G,G/G,G/G,.,G/G,A/A,G/A,G/G,G/G,G/G,G/G,G/A,G/G,G/G,G/G,G/G,G/G,G/G,G/G,G/G,G/G,G/G,G/G,G/G,G/A,G/G,G/A,G/G,G/A,G/G,A/A,G/G,G/A,G/G,A/A,G/A,G/G,G/G,G/A,G/G,G/A,G/G,G/G,G/A,G/G,G/G,G/G,G/G,G/G,G/G,G/A,G/A,G/G,G/G,G/G,G/G,G/A,G/G,G/G,G/G,G/A,G/G,G/G,G/A,G/G,G/G,G/G,G/G,G/A,G/G,G/A,G/A,G/A,G/G,G/G,G/G,G/G,G/A,G/A,G/G,G/G,G/A,G/G,A/A,G/G,G/A,G/G,G/A,G/G,G/G,G/A,G/A,G/A,G/G,G/G,G/G,G/G,G/G,G/G,G/G,G/A,G/G,G/G,G/G,G/A,G/G,G/G,G/A,G/G,G/G,G/G,G/G,G/A,G/G,G/G,G/G,G/A,G/G,G/A,G/G,G/G,G/G,G/A,G/G,G/A,G/G,G/G,G/G,G/G,G/A,A/A,G/G,G/A,G/G,G/A,G/G,G/A,G/G,G/G,G/A,G/G,G/G,G/G,G/A,G/G,G/G,G/G,G/G
chr17,64991033,rs11652805,C,T,144556,PASS,T/T,C/C,C/T,T/T,T/T,T/T,T/T,T/T,T/T,T/T,T/T,C/T,T/T,T/T,T/T,C/T,T/T,T/T,C/T,C/T,T/T,T/T,C/T,T/T,T/T,C/T,T/T,T/T,C/C,T/T,T/T,T/T,T/T,T/T,C/T,T/T,C/C,C/T,T/T,T/T,C/T,T/T,C/T,C/T,T/T,T/T,T/T,T/T,C/T,T/T,T/T,T/T,T/T,T/T,T/T,T/T,T/T,T/T,T/T,T/T,T/T,T/T,T/T,T/T,T/T,T/T,C/T,C/C,C/T,C/C,C/C,C/C,C/T,C/T,C/T,T/T,C/T,T/T,T/T,T/T,C/T,T/T,C/C,C/T,C/C,C/C,T|T,C/T,T/T,C/T,T/T,T/T,T/T,C/T,T/T,C/T,C/C,T/T,C/T,C/T,T/T,C/C,T/T,T/T,C/C,T/T,C/T,C/C,.,T/T,T/T,T/T,T/T,C/T,T/T,T/T,T/T,T/T,T/T,C/T,T/T,.,.,.,.,T/T,.,.,T/T,.,T/T,T/T,T/T,T/T,T/T,T/T,C/T,C/T,T/T,C/C,T/T,C/T,T/T,C/T,T/T,T/T,C/T,T/T,T/T,C/T,T/T,C/T,T/T,C/T,T/T,C/T,T/T,C/T,T/T,T/T,T/T,C/T,T/T,C/T,C/C,T/T,T/T,C/T,T/T,T/T,T/T,T/T,T/T,T/T,T/T,T/T,C/T,C/T,C/T,T/T,C/T,C/T,C/T,C/C,C/T,C/T,T/T,C/T,C/T,C/T,T/T,T/T,T/T,T/T,T/T,T/T,T/T,T/T,T/T,T/T,T/T,T/T,T/T,T/T,T/T,C/T,C/T,T/T,T/T,T/T,T/T,C/T,T/T,T/T,C/T,C/T,T/T,C/T,T/T,C/T,C/T,C/T,C/C,T/T,C/T,C/T,T/T,T/T,T/T,T/T,T/T,T/T,T/T,T/T,T/T,T/T,T/T,T/T,T/T,C/T,T/T,C/T,T/T,T/T,T/T,T/T,T/T,T/T
chr18,42908314,rs7226659,G,T,137985,PASS,T/T,T/T,G/T,T/T,G/T,G/G,G/T,G/G,T/T,T/T,T/T,T/T,T/T,T/T,T/T,G/T,G/G,T/T,T/T,T/T,T/T,G/T,G/T,T/T,G/T,T/T,G/T,T/T,T/T,T/T,T/T,T/T,T/T,T/T,T/T,T/T,T/T,G/T,T/T,T/T,T/T,T/T,T/T,G/T,T/T,T/T,T/T,T/T,T/T,T/T,T/T,T/T,T/T,T/T,T/T,T/T,T/T,T/T,T/T,T/T,T/T,T/T,T/T,T/T,T/T,T/T,T/T,T/T,T/T,T/T,T/T,T/T,T/T,T/T,T/T,T/T,T/T,T/T,T/T,T/T,T/T,T/T,G/T,T/T,T/T,G/G,T/T,G/T,T/T,T/T,G/T,G/T,G/G,G/T,.,T/T,G/T,T/T,G/T,T/T,G/G,.,G/G,G/T,G/T,G/G,G/G,T/T,G/T,T/T,T/T,G/T,T/T,T/T,T/T,G/T,G/T,G/T,G/T,G/T,T/T,G/T,T/T,T/T,T/T,G/T,T/T,G/T,T/T,T/T,G/T,T/T,T/T,G/T,T/T,T/T,G/T,G/T,G/T,T/T,T/T,T/T,T/T,T/T,T/T,T/T,T/T,T/T,T/T,T/T,T/T,T/T,T/T,G/T,G/T,T/T,G/T,G/T,T/T,G/T,T/T,T/T,T/T,T/T,T/T,T/T,T/T,T/T,T/T,T/T,T/T,T/T,T/T,T/T,T/T,T/T,T/T,G/T,T/T,G/T,T/T,G/G,G/T,T/T,T/T,G/T,T/T,T/T,T/T,T/T,T/T,T/T,T/T,T/T,T/T,T/T,T/T,T/T,T/T,T/T,T/T,T/T,T/T,G/T,T/T,T/T,T/T,T/T,T/T,G/T,T/T,T/T,T/T,T/T,G/T,T/T,T/T,T/T,G/T,T/T,G/T,T/T,G/T,G/T,G/T,G/T,T/T,T/T,G/T,T/T,T/T,G/T,T/T,T/T,T/T,T/T,T/T,T/T,T/T,T/T,T/T,T/T,T/T,T/T,G/T,T/T,G/T,T/T
chr18,69911695,rs3916235,T,C,167318,PASS,C/C,C/C,C/C,C/C,C/C,C/C,C/C,C/C,C/C,C/C,C/C,C/C,C/C,C/C,C/C,C/C,C/C,C/C,C/C,C/C,C/C,C/C,T/T,C/C,C/C,C/C,C/C,C/C,C/C,C/C,C/C,C/C,C/C,C/C,C/C,C/C,C/C,C/C,C/C,C/C,C/C,C/C,C/C,C/C,C/C,C/C,C/C,C/C,C/C,C/C,C/C,C/C,C/C,C/C,C/C,C/C,C/C,C/C,C/C,C/C,C/C,C/C,C/C,C/C,C/C,C/C,C/C,C/C,C/C,C/C,C/C,C/C,C/C,C/C,C/C,C/C,C/C,C/C,C/C,C/C,C/C,C/C,C/C,C/C,C/C,C/C,C/C,C/C,C/C,C/C,C/C,C/C,C/C,C/C,.,C/C,C/C,C/C,C/C,C/C,C/C,.,C/C,C/C,C/C,C/C,C/C,C/C,.,C/C,C/C,C/C,C/C,C/C,C/C,C/C,C/C,C/C,C/C,C/C,C/C,C/C,C/C,C/C,C/C,C/C,C/C,C/C,C/C,C/C,C/C,C/C,C/C,C/C,C/C,C/C,C/C,C/C,C/C,T/C,C/C,C/C,C/C,C/C,C/C,C/C,C/C,C/C,C/C,C/C,C/C,C/C,C/C,C/C,C/C,C/C,C/C,C/C,C/C,C/C,C/C,C/C,C/C,C/C,C/C,C/C,C/C,C/C,C/C,C/C,C/C,C/C,C/C,C/C,C/C,C/C,C/C,C/C,C/C,C/C,C/C,C/C,C/C,C/C,C/C,C/C,C/C,C/C,C/C,C/C,C/C,C/C,C/C,C/C,C/C,C/C,C/C,C/C,C/C,C/C,C/C,C/C,C/C,C/C,C/C,C/C,C/C,T/T,C/C,C/C,C/C,C/C,C/C,C/C,T/C,C/C,C/C,T/C,C/C,C/C,C/C,C/C,C/C,C/C,C/C,C/C,C/C,C/C,C/C,C/C,C/C,C/C,C/C,C/C,C/C,C/C,C/C,C/C,C/C,C/C,C/C,C/C,C/C,C/C,C/C,C/C,C/C,C/C
chr18,70200427,rs4891825,G,A,186738,PASS,A/A,A/A,A/A,A/A,A/A,G/A,A/A,A/A,A/A,A/A,A/A,A/A,A/A,A/A,A/A,A/A,A/A,A/A,A/A,A/A,A/A,A/A,G/A,A/A,A/A,A/A,A/A,A/A,A/A,A/A,A/A,A/A,A/A,A/A,A/A,A/A,A/A,A/A,A/A,A/A,A/A,A/A,A/A,A/A,A/A,A/A,A/A,A/A,A/A,A/A,A/A,A/A,A/A,A/A,A/A,A/A,A/A,A/A,A/A,A/A,A/A,A/A,A/A,A/A,A/A,A/A,A/A,A/A,A/A,A/A,A/A,A/A,A/A,A/A,A/A,A/A,A/A,A/A,A/A,A/A,A/A,A/A,A/A,A/A,A/A,A/A,A/A,A/A,A/A,A/A,A/A,A/A,A/A,A/A,A/A,A/A,A/A,A/A,A/A,A/A,.,A/A,A/A,A/A,A/A,A/A,A/A,A/A,A/A,.,A/A,A/A,A/A,A/A,A/A,A/A,A/A,A/A,A/A,A/A,A/A,A/A,A/A,A/A,A/A,A/A,A/A,A/A,A/A,A/A,A/A,A/A,A/A,A/A,A/A,A/A,A/A,A/A,A/A,G/A,A/A,A/A,A/A,A/A,A/A,A/A,A/A,A/A,A/A,A/A,A/A,A/A,A/A,A/A,A/A,A/A,A/A,A/A,A/A,A/A,A/A,A/A,A/A,A/A,A/A,A/A,A/A,A/A,A/A,A/A,A/A,A/A,A/A,A/A,A/A,A/A,A/A,A/A,A/A,A/A,A/A,A/A,A/A,A/A,A/A,A/A,A/A,A/A,A/A,A/A,A/A,A/A,A/A,A/A,A/A,A/A,A/A,A/A,A/A,A/A,A/A,A/A,A/A,A/A,A/A,A/A,A/A,G/G,A/A,A/A,A/A,A/A,A/A,A/A,G/A,A/A,A/A,G/A,A/A,A/A,A/A,A/A,A/A,A/A,A/A,A/A,G/A,A/A,A/A,A/A,A/A,G/A,A/A,G/A,A/A,A/A,A/A,A/A,A/A,A/A,A/A,A/A,A/A,A/A,A/A,A/A,A/A,A/A
chr19,4077098,rs7251928,A,C,3708.06,PASS,A/A,A/A,A/A,A/A,A/A,A/A,A/A,A/A,A/A,A/A,A/A,A/A,A/A,A/A,A/A,A/A,A/A,A/C,A/A,A/A,A/A,A/A,A/A,A/A,A/A,A/A,A/A,A/A,A/A,A/A,A/A,A/A,A/A,A/A,A/A,A/A,A/A,A/A,A/A,A/A,A/A,A/A,A/A,A/A,A/A,A/A,A/A,A/A,A/A,A/A,A/A,A/A,A/A,A/A,A/A,A/A,A/A,A/A,A/A,A/A,A/A,A/A,A/A,A/A,A/A,A/A,A/A,A/A,A/A,A/A,A/A,A/A,A/A,A/A,A/A,A/A,A/A,A/A,A/A,A/A,A/A,A/A,A/A,A/A,A/A,A/A,A/A,A/A,A/A,A/A,A/A,A/A,A/A,A/A,A/A,A/A,A/A,A/A,A/A,A/A,A/A,A/A,A/A,A/A,A/A,A/A,A/A,A/A,A/A,A/A,A/A,A/A,A/A,A/A,A/A,A/A,A/A,A/A,A/A,A/A,A/A,.,.,.,.,.,.,.,A/A,.,A/A,A/A,A/A,A/A,A/A,A/C,A/A,A/A,A/C,A/A,A/A,A/A,A/A,A/A,A/A,A/A,A/A,A/A,A/A,A/A,A/A,A/A,A/A,A/A,A/A,A/A,A/A,A/A,A/A,A/A,A/A,A/A,A/A,A/A,A/A,A/A,A/A,A/A,A/A,A/A,A/A,A/A,A/A,A/A,A/A,A/A,A/A,A/A,A/A,A/A,A/A,A/A,A/A,A/A,A/A,A/A,A/A,A/A,A/A,A/A,A/C,A/A,A/A,A/A,A/A,A/A,A/A,A/A,A/A,A/A,A/C,A/A,A/A,A/A,A/A,A/A,A/A,A/C,A/A,A/A,A/A,A/A,A/A,A/A,A/A,A/A,A/A,A/C,A/A,A/A,A/A,A/C,A/A,A/A,A/C,A/A,A/C,A/A,A/A,A/A,A/A,A/A,A/A,A/A,A/A,A/A,A/A,A/A,A/A,A/A,A/A,A/A,A/A,A/A,A/A,A/A,A/A,A/A
chr20,63528151,rs310644,T,C,36819.7,PASS,T/T,T/T,T/T,T/T,T/T,T/T,T/T,T/T,T/C,T/T,T/T,T/T,T/T,T/T,T/T,T/T,T/T,T/C,T/T,T/T,T/T,T/C,T/T,T/T,T/T,T/T,T/T,T/T,T/T,T/T,T/C,T/T,T/T,T/T,T/T,T/T,T/T,T/C,T/T,T/T,T/T,T/T,T/T,T/T,T/T,T/T,T/T,T/T,T/T,T/T,T/T,T/T,T/T,T/T,T/T,T/T,T/T,T/T,T/T,T/T,T/T,T/T,T/T,T/T,T/T,T/T,T/T,T/T,T/T,T/T,T/T,T/T,T/T,T/T,T/T,T/T,T/T,T/T,T/T,T/T,T/T,T/T,T/T,T/T,T/T,T/T,T/T,T/T,T/T,T/T,T/T,T/T,T/T,T/T,T/T,T/C,T/T,T/T,T/T,T/T,T/C,T/T,T/T,T/T,T/C,T/C,T/C,T/C,T/T,T/T,T/C,T/T,T/T,T/C,T/T,T/T,T/T,T/C,T/C,T/T,C/C,T/T,C/C,T|C,T/T,C/C,T/T,T/T,T/T,T/C,T/C,T/T,T/T,T/T,T/T,T/C,T/C,T/T,T/T,T/C,T/T,T/C,T/T,T/T,T/T,T/T,T/T,T/T,T/T,T/T,T/T,C/C,T/T,T/T,T/C,T/C,C/C,T/C,T/T,T/T,T/T,T/T,T/T,T/C,T/C,T/T,T/T,T/T,T/C,T/T,T/T,T/C,T/C,T/C,T/C,T/C,T/T,T/C,T/T,T/T,T/T,T/T,T/T,T/T,T/T,T/T,T/T,T/C,C/C,T/T,T/C,T/C,T/T,T/T,T/T,T/C,T/C,T/C,C/C,C/C,T/T,T/C,T/T,T/C,C/C,T/C,C/C,T/C,T/C,T/C,C/C,C/C,T/T,C/C,T/C,T/C,T/T,T/C,T/T,T/T,T/C,T/T,T/C,T/T,T/C,T/C,T/C,C/C,C/C,C/C,T/T,C/C,C/C,T/T,T/C,T/C,T/C,C/C,T/C,T/C,T/C,C/C,T/C,C/C,T/C,T/T,T/C,T/C
chr22,41301334,rs2024566,A,G,19487.6,PASS,A/G,A/G,A/A,A/A,A/A,A/G,A/G,G/G,A/A,A/A,A/G,A/A,A/A,A/G,A/A,A/G,A/G,A/G,A/A,A/A,A/A,A/A,G/G,A/A,A/G,A/A,A/A,A/A,A/G,A/A,G/G,A/A,A/A,A/A,A/A,G/G,A/A,A/A,A/A,A/A,A/A,A/G,A/A,A/A,A/A,A/G,A/A,A/A,G/G,A/G,G/G,A/G,A/G,G/G,A/G,A/A,A/A,A/A,A/A,A/G,A/A,A/A,A/A,A/G,A/G,A/G,A/A,A/G,G/G,A/A,A/G,A/A,A/G,A/A,A/A,A/G,G/G,A/A,A/A,A/A,G/G,A/A,A/A,A/A,A/A,A/A,A/A,A/A,A/A,A/A,A/G,A/A,A/A,A/A,A/A,A/A,A/A,A/A,A/A,A/A,A/A,A/A,A/A,A/A,A/A,A/A,A/A,A/A,A/A,A/A,A/A,A/A,A/A,A/A,A/A,A/A,A/A,A/A,A/G,A/A,A/G,.,.,.,.,.,.,.,A/A,.,A/A,A/A,A/A,A/A,A/A,A/A,A/G,A/A,A/G,A/A,A/A,A/A,A/A,A/A,A/G,A/A,A/G,A/A,A/A,A/G,A/A,A/A,A/A,A/G,A/G,A/A,A/A,A/A,A/A,A/A,A/G,A/G,A/A,A/A,A/A,A/G,A/G,A/A,A/G,A/G,A/A,A/G,A/A,A/A,A/A,A/G,G/G,A/G,A/A,A/A,A/A,A/A,A/A,A/A,A/A,A/A,A/A,A/A,A/A,A/A,A/G,A/A,A/A,A/A,A/G,A/A,A/A,A/A,A/A,A/A,A/A,A/A,A/A,A/A,A/A,A/A,A/A,A/A,A/A,A/A,A/A,A/A,A/A,A/A,A/G,A/A,A/A,A/G,A/A,A/A,A/A,A/A,A/G,A/A,A/G,A/A,A/A,A/A,A/A,A/G,A/A,A/A,A/A,A/A,A/A,A/A,A/A,A/A,A/A,A/A,A/A,A/A,A/A,A/A,A/A,A/A,A/A,A/A
